inventory_id,date,product_id,warehouse_id,opening_stock,produced,shipped,closing_stock,stock_level,reorder_point,stock_status
INV00000,2026-03-01 00:00:00,Contact Lens,Mumbai_WH,238,77,225,90,90,150,LOW
INV00001,2026-03-01 01:00:00,Reading Glasses,Delhi_WH,188,110,258,40,40,150,LOW
INV00002,2026-03-01 02:00:00,Reading Glasses,Delhi_WH,144,60,76,128,128,150,LOW
INV00003,2026-03-01 03:00:00,Sunglasses,Delhi_WH,153,91,243,1,1,150,LOW
INV00004,2026-03-01 04:00:00,Optical Frame,Mumbai_WH,338,162,100,400,400,150,OK
INV00005,2026-03-01 05:00:00,Optical Frame,Delhi_WH,326,186,198,314,314,150,OK
INV00006,2026-03-01 06:00:00,Optical Frame,Mumbai_WH,423,189,208,404,404,150,OK
INV00007,2026-03-01 07:00:00,Reading Glasses,Bangalore_WH,358,131,275,214,214,150,OK
INV00008,2026-03-01 08:00:00,Reading Glasses,Mumbai_WH,336,63,222,177,177,150,OK
INV00009,2026-03-01 09:00:00,Prescription Lens,Delhi_WH,355,210,239,326,326,150,OK
INV00010,2026-03-01 10:00:00,Sunglasses,Delhi_WH,473,253,70,656,656,150,OK
INV00011,2026-03-01 11:00:00,Prescription Lens,Delhi_WH,241,185,295,131,131,150,LOW
INV00012,2026-03-01 12:00:00,Optical Frame,Delhi_WH,287,148,273,162,162,150,OK
INV00013,2026-03-01 13:00:00,Optical Frame,Bangalore_WH,323,272,183,412,412,150,OK
INV00014,2026-03-01 14:00:00,Prescription Lens,Mumbai_WH,244,278,159,363,363,150,OK
INV00015,2026-03-01 15:00:00,Sunglasses,Bangalore_WH,338,193,156,375,375,150,OK
INV00016,2026-03-01 16:00:00,Optical Frame,Delhi_WH,102,52,87,67,67,150,LOW
INV00017,2026-03-01 17:00:00,Optical Frame,Delhi_WH,360,248,144,464,464,150,OK
INV00018,2026-03-01 18:00:00,Sunglasses,Bangalore_WH,296,185,255,226,226,150,OK
INV00019,2026-03-01 19:00:00,Sunglasses,Bangalore_WH,254,281,134,401,401,150,OK
INV00020,2026-03-01 20:00:00,Prescription Lens,Bangalore_WH,238,236,196,278,278,150,OK
INV00021,2026-03-01 21:00:00,Sunglasses,Mumbai_WH,125,67,172,20,20,150,LOW
INV00022,2026-03-01 22:00:00,Reading Glasses,Delhi_WH,236,190,247,179,179,150,OK
INV00023,2026-03-01 23:00:00,Contact Lens,Delhi_WH,271,205,76,400,400,150,OK
INV00024,2026-03-02 00:00:00,Sunglasses,Delhi_WH,203,224,209,218,218,150,OK
INV00025,2026-03-02 01:00:00,Prescription Lens,Bangalore_WH,253,290,230,313,313,150,OK
INV00026,2026-03-02 02:00:00,Reading Glasses,Mumbai_WH,126,107,124,109,109,150,LOW
INV00027,2026-03-02 03:00:00,Contact Lens,Mumbai_WH,330,237,277,290,290,150,OK
INV00028,2026-03-02 04:00:00,Contact Lens,Delhi_WH,393,70,164,299,299,150,OK
INV00029,2026-03-02 05:00:00,Prescription Lens,Bangalore_WH,480,248,200,528,528,150,OK
INV00030,2026-03-02 06:00:00,Contact Lens,Bangalore_WH,400,269,155,514,514,150,OK
INV00031,2026-03-02 07:00:00,Optical Frame,Mumbai_WH,497,168,222,443,443,150,OK
INV00032,2026-03-02 08:00:00,Contact Lens,Bangalore_WH,132,107,187,52,52,150,LOW
INV00033,2026-03-02 09:00:00,Optical Frame,Mumbai_WH,141,275,116,300,300,150,OK
INV00034,2026-03-02 10:00:00,Prescription Lens,Bangalore_WH,495,171,109,557,557,150,OK
INV00035,2026-03-02 11:00:00,Contact Lens,Delhi_WH,106,101,106,101,101,150,LOW
INV00036,2026-03-02 12:00:00,Prescription Lens,Bangalore_WH,386,57,122,321,321,150,OK
INV00037,2026-03-02 13:00:00,Optical Frame,Delhi_WH,225,143,177,191,191,150,OK
INV00038,2026-03-02 14:00:00,Prescription Lens,Delhi_WH,108,189,200,97,97,150,LOW
INV00039,2026-03-02 15:00:00,Sunglasses,Mumbai_WH,378,178,274,282,282,150,OK
INV00040,2026-03-02 16:00:00,Sunglasses,Delhi_WH,441,151,272,320,320,150,OK
INV00041,2026-03-02 17:00:00,Optical Frame,Delhi_WH,345,139,286,198,198,150,OK
INV00042,2026-03-02 18:00:00,Contact Lens,Delhi_WH,253,120,270,103,103,150,LOW
INV00043,2026-03-02 19:00:00,Optical Frame,Mumbai_WH,288,160,55,393,393,150,OK
INV00044,2026-03-02 20:00:00,Reading Glasses,Mumbai_WH,433,202,144,491,491,150,OK
INV00045,2026-03-02 21:00:00,Reading Glasses,Mumbai_WH,453,124,113,464,464,150,OK
INV00046,2026-03-02 22:00:00,Reading Glasses,Mumbai_WH,260,65,200,125,125,150,LOW
INV00047,2026-03-02 23:00:00,Prescription Lens,Mumbai_WH,239,118,258,99,99,150,LOW
INV00048,2026-03-03 00:00:00,Prescription Lens,Mumbai_WH,445,216,200,461,461,150,OK
INV00049,2026-03-03 01:00:00,Prescription Lens,Mumbai_WH,193,166,177,182,182,150,OK
INV00050,2026-03-03 02:00:00,Optical Frame,Bangalore_WH,434,231,246,419,419,150,OK
INV00051,2026-03-03 03:00:00,Sunglasses,Bangalore_WH,220,249,272,197,197,150,OK
INV00052,2026-03-03 04:00:00,Contact Lens,Bangalore_WH,259,274,102,431,431,150,OK
INV00053,2026-03-03 05:00:00,Prescription Lens,Bangalore_WH,134,115,112,137,137,150,LOW
INV00054,2026-03-03 06:00:00,Optical Frame,Mumbai_WH,101,114,251,-36,-36,150,LOW
INV00055,2026-03-03 07:00:00,Optical Frame,Mumbai_WH,259,262,170,351,351,150,OK
INV00056,2026-03-03 08:00:00,Reading Glasses,Delhi_WH,161,224,204,181,181,150,OK
INV00057,2026-03-03 09:00:00,Reading Glasses,Delhi_WH,245,219,195,269,269,150,OK
INV00058,2026-03-03 10:00:00,Optical Frame,Mumbai_WH,392,101,119,374,374,150,OK
INV00059,2026-03-03 11:00:00,Optical Frame,Delhi_WH,385,99,133,351,351,150,OK
INV00060,2026-03-03 12:00:00,Optical Frame,Bangalore_WH,122,172,191,103,103,150,LOW
INV00061,2026-03-03 13:00:00,Sunglasses,Delhi_WH,281,267,181,367,367,150,OK
INV00062,2026-03-03 14:00:00,Optical Frame,Delhi_WH,340,50,273,117,117,150,LOW
INV00063,2026-03-03 15:00:00,Optical Frame,Bangalore_WH,291,138,204,225,225,150,OK
INV00064,2026-03-03 16:00:00,Reading Glasses,Delhi_WH,183,197,187,193,193,150,OK
INV00065,2026-03-03 17:00:00,Optical Frame,Mumbai_WH,352,144,187,309,309,150,OK
INV00066,2026-03-03 18:00:00,Optical Frame,Mumbai_WH,313,80,123,270,270,150,OK
INV00067,2026-03-03 19:00:00,Optical Frame,Delhi_WH,170,291,293,168,168,150,OK
INV00068,2026-03-03 20:00:00,Prescription Lens,Mumbai_WH,181,213,81,313,313,150,OK
INV00069,2026-03-03 21:00:00,Optical Frame,Mumbai_WH,278,100,118,260,260,150,OK
INV00070,2026-03-03 22:00:00,Reading Glasses,Bangalore_WH,342,190,53,479,479,150,OK
INV00071,2026-03-03 23:00:00,Reading Glasses,Delhi_WH,311,286,124,473,473,150,OK
INV00072,2026-03-04 00:00:00,Contact Lens,Mumbai_WH,169,202,190,181,181,150,OK
INV00073,2026-03-04 01:00:00,Prescription Lens,Mumbai_WH,414,235,284,365,365,150,OK
INV00074,2026-03-04 02:00:00,Prescription Lens,Delhi_WH,412,76,229,259,259,150,OK
INV00075,2026-03-04 03:00:00,Sunglasses,Bangalore_WH,116,207,189,134,134,150,LOW
INV00076,2026-03-04 04:00:00,Reading Glasses,Bangalore_WH,125,105,101,129,129,150,LOW
INV00077,2026-03-04 05:00:00,Prescription Lens,Bangalore_WH,214,97,262,49,49,150,LOW
INV00078,2026-03-04 06:00:00,Reading Glasses,Bangalore_WH,237,112,289,60,60,150,LOW
INV00079,2026-03-04 07:00:00,Optical Frame,Mumbai_WH,320,235,146,409,409,150,OK
INV00080,2026-03-04 08:00:00,Sunglasses,Delhi_WH,214,171,180,205,205,150,OK
INV00081,2026-03-04 09:00:00,Contact Lens,Bangalore_WH,298,124,221,201,201,150,OK
INV00082,2026-03-04 10:00:00,Prescription Lens,Mumbai_WH,130,257,228,159,159,150,OK
INV00083,2026-03-04 11:00:00,Prescription Lens,Mumbai_WH,388,154,59,483,483,150,OK
INV00084,2026-03-04 12:00:00,Contact Lens,Delhi_WH,158,252,217,193,193,150,OK
INV00085,2026-03-04 13:00:00,Sunglasses,Delhi_WH,157,245,157,245,245,150,OK
INV00086,2026-03-04 14:00:00,Reading Glasses,Delhi_WH,481,103,179,405,405,150,OK
INV00087,2026-03-04 15:00:00,Reading Glasses,Bangalore_WH,202,252,85,369,369,150,OK
INV00088,2026-03-04 16:00:00,Contact Lens,Bangalore_WH,104,238,152,190,190,150,OK
INV00089,2026-03-04 17:00:00,Prescription Lens,Mumbai_WH,498,269,205,562,562,150,OK
INV00090,2026-03-04 18:00:00,Optical Frame,Bangalore_WH,233,173,180,226,226,150,OK
INV00091,2026-03-04 19:00:00,Prescription Lens,Delhi_WH,324,169,283,210,210,150,OK
INV00092,2026-03-04 20:00:00,Optical Frame,Mumbai_WH,214,299,107,406,406,150,OK
INV00093,2026-03-04 21:00:00,Contact Lens,Bangalore_WH,297,296,95,498,498,150,OK
INV00094,2026-03-04 22:00:00,Prescription Lens,Delhi_WH,362,248,137,473,473,150,OK
INV00095,2026-03-04 23:00:00,Sunglasses,Bangalore_WH,101,210,154,157,157,150,OK
INV00096,2026-03-05 00:00:00,Prescription Lens,Mumbai_WH,421,221,215,427,427,150,OK
INV00097,2026-03-05 01:00:00,Reading Glasses,Bangalore_WH,149,220,153,216,216,150,OK
INV00098,2026-03-05 02:00:00,Reading Glasses,Delhi_WH,117,290,296,111,111,150,LOW
INV00099,2026-03-05 03:00:00,Reading Glasses,Bangalore_WH,304,258,77,485,485,150,OK
INV00100,2026-03-05 04:00:00,Prescription Lens,Mumbai_WH,330,151,92,389,389,150,OK
INV00101,2026-03-05 05:00:00,Contact Lens,Delhi_WH,341,174,60,455,455,150,OK
INV00102,2026-03-05 06:00:00,Prescription Lens,Mumbai_WH,206,229,113,322,322,150,OK
INV00103,2026-03-05 07:00:00,Sunglasses,Bangalore_WH,274,263,278,259,259,150,OK
INV00104,2026-03-05 08:00:00,Sunglasses,Mumbai_WH,466,209,187,488,488,150,OK
INV00105,2026-03-05 09:00:00,Optical Frame,Mumbai_WH,227,260,103,384,384,150,OK
INV00106,2026-03-05 10:00:00,Prescription Lens,Bangalore_WH,489,189,269,409,409,150,OK
INV00107,2026-03-05 11:00:00,Prescription Lens,Mumbai_WH,320,114,65,369,369,150,OK
INV00108,2026-03-05 12:00:00,Sunglasses,Bangalore_WH,126,148,145,129,129,150,LOW
INV00109,2026-03-05 13:00:00,Prescription Lens,Bangalore_WH,323,150,293,180,180,150,OK
INV00110,2026-03-05 14:00:00,Sunglasses,Bangalore_WH,286,138,214,210,210,150,OK
INV00111,2026-03-05 15:00:00,Contact Lens,Bangalore_WH,366,203,61,508,508,150,OK
INV00112,2026-03-05 16:00:00,Contact Lens,Bangalore_WH,315,113,107,321,321,150,OK
INV00113,2026-03-05 17:00:00,Sunglasses,Delhi_WH,490,123,243,370,370,150,OK
INV00114,2026-03-05 18:00:00,Contact Lens,Bangalore_WH,437,161,130,468,468,150,OK
INV00115,2026-03-05 19:00:00,Prescription Lens,Mumbai_WH,490,93,233,350,350,150,OK
INV00116,2026-03-05 20:00:00,Prescription Lens,Delhi_WH,484,56,278,262,262,150,OK
INV00117,2026-03-05 21:00:00,Optical Frame,Bangalore_WH,376,116,78,414,414,150,OK
INV00118,2026-03-05 22:00:00,Prescription Lens,Mumbai_WH,432,198,139,491,491,150,OK
INV00119,2026-03-05 23:00:00,Prescription Lens,Mumbai_WH,479,223,147,555,555,150,OK
INV00120,2026-03-06 00:00:00,Sunglasses,Bangalore_WH,318,202,153,367,367,150,OK
INV00121,2026-03-06 01:00:00,Reading Glasses,Bangalore_WH,107,221,100,228,228,150,OK
INV00122,2026-03-06 02:00:00,Sunglasses,Bangalore_WH,330,133,78,385,385,150,OK
INV00123,2026-03-06 03:00:00,Contact Lens,Bangalore_WH,422,179,206,395,395,150,OK
INV00124,2026-03-06 04:00:00,Optical Frame,Bangalore_WH,309,277,222,364,364,150,OK
INV00125,2026-03-06 05:00:00,Contact Lens,Mumbai_WH,496,98,222,372,372,150,OK
INV00126,2026-03-06 06:00:00,Optical Frame,Mumbai_WH,375,244,233,386,386,150,OK
INV00127,2026-03-06 07:00:00,Sunglasses,Delhi_WH,343,291,60,574,574,150,OK
INV00128,2026-03-06 08:00:00,Optical Frame,Bangalore_WH,447,140,259,328,328,150,OK
INV00129,2026-03-06 09:00:00,Contact Lens,Mumbai_WH,216,215,99,332,332,150,OK
INV00130,2026-03-06 10:00:00,Sunglasses,Bangalore_WH,465,110,59,516,516,150,OK
INV00131,2026-03-06 11:00:00,Contact Lens,Bangalore_WH,468,263,184,547,547,150,OK
INV00132,2026-03-06 12:00:00,Prescription Lens,Mumbai_WH,285,75,214,146,146,150,LOW
INV00133,2026-03-06 13:00:00,Optical Frame,Mumbai_WH,139,124,202,61,61,150,LOW
INV00134,2026-03-06 14:00:00,Optical Frame,Delhi_WH,333,156,74,415,415,150,OK
INV00135,2026-03-06 15:00:00,Contact Lens,Bangalore_WH,372,164,86,450,450,150,OK
INV00136,2026-03-06 16:00:00,Reading Glasses,Mumbai_WH,329,208,50,487,487,150,OK
INV00137,2026-03-06 17:00:00,Prescription Lens,Bangalore_WH,484,121,235,370,370,150,OK
INV00138,2026-03-06 18:00:00,Contact Lens,Bangalore_WH,227,142,113,256,256,150,OK
INV00139,2026-03-06 19:00:00,Prescription Lens,Mumbai_WH,121,147,216,52,52,150,LOW
INV00140,2026-03-06 20:00:00,Prescription Lens,Mumbai_WH,343,124,76,391,391,150,OK
INV00141,2026-03-06 21:00:00,Sunglasses,Mumbai_WH,441,275,263,453,453,150,OK
INV00142,2026-03-06 22:00:00,Reading Glasses,Mumbai_WH,211,252,152,311,311,150,OK
INV00143,2026-03-06 23:00:00,Sunglasses,Mumbai_WH,280,99,153,226,226,150,OK
INV00144,2026-03-07 00:00:00,Reading Glasses,Mumbai_WH,471,278,254,495,495,150,OK
INV00145,2026-03-07 01:00:00,Prescription Lens,Mumbai_WH,122,168,266,24,24,150,LOW
INV00146,2026-03-07 02:00:00,Sunglasses,Bangalore_WH,308,62,180,190,190,150,OK
INV00147,2026-03-07 03:00:00,Prescription Lens,Mumbai_WH,155,58,299,-86,-86,150,LOW
INV00148,2026-03-07 04:00:00,Prescription Lens,Delhi_WH,130,225,103,252,252,150,OK
INV00149,2026-03-07 05:00:00,Reading Glasses,Bangalore_WH,120,126,261,-15,-15,150,LOW
INV00150,2026-03-07 06:00:00,Prescription Lens,Delhi_WH,445,186,266,365,365,150,OK
INV00151,2026-03-07 07:00:00,Prescription Lens,Bangalore_WH,271,126,74,323,323,150,OK
INV00152,2026-03-07 08:00:00,Prescription Lens,Bangalore_WH,318,126,204,240,240,150,OK
INV00153,2026-03-07 09:00:00,Prescription Lens,Mumbai_WH,420,145,182,383,383,150,OK
INV00154,2026-03-07 10:00:00,Sunglasses,Bangalore_WH,488,294,75,707,707,150,OK
INV00155,2026-03-07 11:00:00,Optical Frame,Bangalore_WH,134,107,215,26,26,150,LOW
INV00156,2026-03-07 12:00:00,Optical Frame,Bangalore_WH,273,83,73,283,283,150,OK
INV00157,2026-03-07 13:00:00,Prescription Lens,Bangalore_WH,271,148,201,218,218,150,OK
INV00158,2026-03-07 14:00:00,Sunglasses,Mumbai_WH,168,289,135,322,322,150,OK
INV00159,2026-03-07 15:00:00,Sunglasses,Delhi_WH,264,82,185,161,161,150,OK
INV00160,2026-03-07 16:00:00,Reading Glasses,Delhi_WH,415,71,298,188,188,150,OK
INV00161,2026-03-07 17:00:00,Sunglasses,Bangalore_WH,436,233,238,431,431,150,OK
INV00162,2026-03-07 18:00:00,Prescription Lens,Bangalore_WH,266,99,225,140,140,150,LOW
INV00163,2026-03-07 19:00:00,Contact Lens,Bangalore_WH,374,90,193,271,271,150,OK
INV00164,2026-03-07 20:00:00,Sunglasses,Bangalore_WH,481,185,102,564,564,150,OK
INV00165,2026-03-07 21:00:00,Prescription Lens,Delhi_WH,230,195,166,259,259,150,OK
INV00166,2026-03-07 22:00:00,Optical Frame,Bangalore_WH,224,224,160,288,288,150,OK
INV00167,2026-03-07 23:00:00,Prescription Lens,Delhi_WH,224,164,56,332,332,150,OK
INV00168,2026-03-08 00:00:00,Contact Lens,Mumbai_WH,385,144,272,257,257,150,OK
INV00169,2026-03-08 01:00:00,Sunglasses,Delhi_WH,443,114,130,427,427,150,OK
INV00170,2026-03-08 02:00:00,Contact Lens,Mumbai_WH,462,195,104,553,553,150,OK
INV00171,2026-03-08 03:00:00,Reading Glasses,Mumbai_WH,396,261,210,447,447,150,OK
INV00172,2026-03-08 04:00:00,Prescription Lens,Mumbai_WH,291,157,219,229,229,150,OK
INV00173,2026-03-08 05:00:00,Prescription Lens,Mumbai_WH,380,153,280,253,253,150,OK
INV00174,2026-03-08 06:00:00,Sunglasses,Delhi_WH,372,209,166,415,415,150,OK
INV00175,2026-03-08 07:00:00,Prescription Lens,Delhi_WH,112,126,127,111,111,150,LOW
INV00176,2026-03-08 08:00:00,Sunglasses,Mumbai_WH,369,226,122,473,473,150,OK
INV00177,2026-03-08 09:00:00,Prescription Lens,Bangalore_WH,273,252,156,369,369,150,OK
INV00178,2026-03-08 10:00:00,Prescription Lens,Bangalore_WH,412,157,159,410,410,150,OK
INV00179,2026-03-08 11:00:00,Prescription Lens,Delhi_WH,446,124,195,375,375,150,OK
INV00180,2026-03-08 12:00:00,Reading Glasses,Delhi_WH,202,105,229,78,78,150,LOW
INV00181,2026-03-08 13:00:00,Reading Glasses,Bangalore_WH,379,122,168,333,333,150,OK
INV00182,2026-03-08 14:00:00,Contact Lens,Bangalore_WH,255,121,104,272,272,150,OK
INV00183,2026-03-08 15:00:00,Contact Lens,Delhi_WH,246,182,217,211,211,150,OK
INV00184,2026-03-08 16:00:00,Reading Glasses,Delhi_WH,373,232,138,467,467,150,OK
INV00185,2026-03-08 17:00:00,Sunglasses,Delhi_WH,472,201,107,566,566,150,OK
INV00186,2026-03-08 18:00:00,Prescription Lens,Bangalore_WH,117,97,66,148,148,150,LOW
INV00187,2026-03-08 19:00:00,Sunglasses,Mumbai_WH,334,122,201,255,255,150,OK
INV00188,2026-03-08 20:00:00,Contact Lens,Bangalore_WH,132,298,246,184,184,150,OK
INV00189,2026-03-08 21:00:00,Optical Frame,Bangalore_WH,132,75,120,87,87,150,LOW
INV00190,2026-03-08 22:00:00,Reading Glasses,Delhi_WH,205,135,190,150,150,150,OK
INV00191,2026-03-08 23:00:00,Optical Frame,Bangalore_WH,492,98,63,527,527,150,OK
INV00192,2026-03-09 00:00:00,Optical Frame,Bangalore_WH,107,75,291,-109,-109,150,LOW
INV00193,2026-03-09 01:00:00,Reading Glasses,Bangalore_WH,388,195,68,515,515,150,OK
INV00194,2026-03-09 02:00:00,Reading Glasses,Delhi_WH,336,77,266,147,147,150,LOW
INV00195,2026-03-09 03:00:00,Reading Glasses,Delhi_WH,270,212,112,370,370,150,OK
INV00196,2026-03-09 04:00:00,Contact Lens,Delhi_WH,196,99,263,32,32,150,LOW
INV00197,2026-03-09 05:00:00,Sunglasses,Delhi_WH,145,260,189,216,216,150,OK
INV00198,2026-03-09 06:00:00,Reading Glasses,Bangalore_WH,139,98,152,85,85,150,LOW
INV00199,2026-03-09 07:00:00,Reading Glasses,Delhi_WH,105,254,182,177,177,150,OK
INV00200,2026-03-09 08:00:00,Sunglasses,Bangalore_WH,191,107,85,213,213,150,OK
INV00201,2026-03-09 09:00:00,Sunglasses,Bangalore_WH,215,102,125,192,192,150,OK
INV00202,2026-03-09 10:00:00,Reading Glasses,Bangalore_WH,287,95,82,300,300,150,OK
INV00203,2026-03-09 11:00:00,Contact Lens,Delhi_WH,451,283,128,606,606,150,OK
INV00204,2026-03-09 12:00:00,Optical Frame,Bangalore_WH,462,272,91,643,643,150,OK
INV00205,2026-03-09 13:00:00,Contact Lens,Mumbai_WH,435,253,61,627,627,150,OK
INV00206,2026-03-09 14:00:00,Contact Lens,Mumbai_WH,114,294,163,245,245,150,OK
INV00207,2026-03-09 15:00:00,Optical Frame,Delhi_WH,291,278,82,487,487,150,OK
INV00208,2026-03-09 16:00:00,Optical Frame,Bangalore_WH,243,171,188,226,226,150,OK
INV00209,2026-03-09 17:00:00,Optical Frame,Delhi_WH,122,50,79,93,93,150,LOW
INV00210,2026-03-09 18:00:00,Reading Glasses,Delhi_WH,144,185,170,159,159,150,OK
INV00211,2026-03-09 19:00:00,Sunglasses,Delhi_WH,202,222,223,201,201,150,OK
INV00212,2026-03-09 20:00:00,Sunglasses,Bangalore_WH,350,89,287,152,152,150,OK
INV00213,2026-03-09 21:00:00,Reading Glasses,Mumbai_WH,216,290,67,439,439,150,OK
INV00214,2026-03-09 22:00:00,Contact Lens,Bangalore_WH,452,139,122,469,469,150,OK
INV00215,2026-03-09 23:00:00,Prescription Lens,Delhi_WH,387,71,167,291,291,150,OK
INV00216,2026-03-10 00:00:00,Reading Glasses,Mumbai_WH,403,232,96,539,539,150,OK
INV00217,2026-03-10 01:00:00,Optical Frame,Delhi_WH,326,188,255,259,259,150,OK
INV00218,2026-03-10 02:00:00,Optical Frame,Bangalore_WH,290,97,293,94,94,150,LOW
INV00219,2026-03-10 03:00:00,Sunglasses,Bangalore_WH,308,258,132,434,434,150,OK
INV00220,2026-03-10 04:00:00,Optical Frame,Mumbai_WH,341,180,59,462,462,150,OK
INV00221,2026-03-10 05:00:00,Contact Lens,Delhi_WH,302,248,154,396,396,150,OK
INV00222,2026-03-10 06:00:00,Optical Frame,Mumbai_WH,255,63,282,36,36,150,LOW
INV00223,2026-03-10 07:00:00,Sunglasses,Bangalore_WH,175,247,247,175,175,150,OK
INV00224,2026-03-10 08:00:00,Optical Frame,Mumbai_WH,309,146,84,371,371,150,OK
INV00225,2026-03-10 09:00:00,Sunglasses,Delhi_WH,458,152,255,355,355,150,OK
INV00226,2026-03-10 10:00:00,Prescription Lens,Mumbai_WH,165,89,56,198,198,150,OK
INV00227,2026-03-10 11:00:00,Reading Glasses,Mumbai_WH,440,186,225,401,401,150,OK
INV00228,2026-03-10 12:00:00,Optical Frame,Mumbai_WH,147,122,189,80,80,150,LOW
INV00229,2026-03-10 13:00:00,Prescription Lens,Bangalore_WH,145,107,296,-44,-44,150,LOW
INV00230,2026-03-10 14:00:00,Prescription Lens,Bangalore_WH,242,277,254,265,265,150,OK
INV00231,2026-03-10 15:00:00,Optical Frame,Mumbai_WH,272,254,144,382,382,150,OK
INV00232,2026-03-10 16:00:00,Sunglasses,Delhi_WH,102,255,103,254,254,150,OK
INV00233,2026-03-10 17:00:00,Optical Frame,Mumbai_WH,302,231,141,392,392,150,OK
INV00234,2026-03-10 18:00:00,Contact Lens,Mumbai_WH,486,119,165,440,440,150,OK
INV00235,2026-03-10 19:00:00,Reading Glasses,Mumbai_WH,157,261,101,317,317,150,OK
INV00236,2026-03-10 20:00:00,Optical Frame,Delhi_WH,486,65,178,373,373,150,OK
INV00237,2026-03-10 21:00:00,Prescription Lens,Mumbai_WH,267,138,174,231,231,150,OK
INV00238,2026-03-10 22:00:00,Reading Glasses,Bangalore_WH,339,94,63,370,370,150,OK
INV00239,2026-03-10 23:00:00,Optical Frame,Mumbai_WH,493,62,276,279,279,150,OK
INV00240,2026-03-11 00:00:00,Contact Lens,Delhi_WH,167,51,214,4,4,150,LOW
INV00241,2026-03-11 01:00:00,Contact Lens,Mumbai_WH,249,235,219,265,265,150,OK
INV00242,2026-03-11 02:00:00,Reading Glasses,Mumbai_WH,494,97,65,526,526,150,OK
INV00243,2026-03-11 03:00:00,Sunglasses,Mumbai_WH,406,187,197,396,396,150,OK
INV00244,2026-03-11 04:00:00,Contact Lens,Delhi_WH,355,81,61,375,375,150,OK
INV00245,2026-03-11 05:00:00,Reading Glasses,Mumbai_WH,412,50,206,256,256,150,OK
INV00246,2026-03-11 06:00:00,Contact Lens,Bangalore_WH,104,202,236,70,70,150,LOW
INV00247,2026-03-11 07:00:00,Optical Frame,Delhi_WH,460,72,247,285,285,150,OK
INV00248,2026-03-11 08:00:00,Prescription Lens,Delhi_WH,303,194,288,209,209,150,OK
INV00249,2026-03-11 09:00:00,Optical Frame,Delhi_WH,271,167,183,255,255,150,OK
INV00250,2026-03-11 10:00:00,Sunglasses,Bangalore_WH,382,162,276,268,268,150,OK
INV00251,2026-03-11 11:00:00,Contact Lens,Mumbai_WH,367,253,79,541,541,150,OK
INV00252,2026-03-11 12:00:00,Reading Glasses,Delhi_WH,456,98,65,489,489,150,OK
INV00253,2026-03-11 13:00:00,Sunglasses,Delhi_WH,297,205,275,227,227,150,OK
INV00254,2026-03-11 14:00:00,Contact Lens,Mumbai_WH,421,159,246,334,334,150,OK
INV00255,2026-03-11 15:00:00,Reading Glasses,Mumbai_WH,108,243,163,188,188,150,OK
INV00256,2026-03-11 16:00:00,Optical Frame,Delhi_WH,345,142,148,339,339,150,OK
INV00257,2026-03-11 17:00:00,Contact Lens,Mumbai_WH,328,228,84,472,472,150,OK
INV00258,2026-03-11 18:00:00,Reading Glasses,Bangalore_WH,465,299,212,552,552,150,OK
INV00259,2026-03-11 19:00:00,Optical Frame,Mumbai_WH,154,297,297,154,154,150,OK
INV00260,2026-03-11 20:00:00,Contact Lens,Delhi_WH,209,283,187,305,305,150,OK
INV00261,2026-03-11 21:00:00,Reading Glasses,Delhi_WH,402,107,153,356,356,150,OK
INV00262,2026-03-11 22:00:00,Contact Lens,Bangalore_WH,331,86,62,355,355,150,OK
INV00263,2026-03-11 23:00:00,Prescription Lens,Delhi_WH,234,190,163,261,261,150,OK
INV00264,2026-03-12 00:00:00,Prescription Lens,Bangalore_WH,478,271,66,683,683,150,OK
INV00265,2026-03-12 01:00:00,Contact Lens,Delhi_WH,272,54,243,83,83,150,LOW
INV00266,2026-03-12 02:00:00,Contact Lens,Bangalore_WH,109,62,241,-70,-70,150,LOW
INV00267,2026-03-12 03:00:00,Optical Frame,Mumbai_WH,337,297,138,496,496,150,OK
INV00268,2026-03-12 04:00:00,Sunglasses,Bangalore_WH,156,101,259,-2,-2,150,LOW
INV00269,2026-03-12 05:00:00,Reading Glasses,Bangalore_WH,380,63,164,279,279,150,OK
INV00270,2026-03-12 06:00:00,Contact Lens,Bangalore_WH,366,293,78,581,581,150,OK
INV00271,2026-03-12 07:00:00,Sunglasses,Mumbai_WH,210,110,232,88,88,150,LOW
INV00272,2026-03-12 08:00:00,Sunglasses,Delhi_WH,212,211,121,302,302,150,OK
INV00273,2026-03-12 09:00:00,Optical Frame,Mumbai_WH,149,233,268,114,114,150,LOW
INV00274,2026-03-12 10:00:00,Sunglasses,Mumbai_WH,271,53,249,75,75,150,LOW
INV00275,2026-03-12 11:00:00,Contact Lens,Delhi_WH,371,236,192,415,415,150,OK
INV00276,2026-03-12 12:00:00,Prescription Lens,Mumbai_WH,221,137,189,169,169,150,OK
INV00277,2026-03-12 13:00:00,Optical Frame,Mumbai_WH,212,179,120,271,271,150,OK
INV00278,2026-03-12 14:00:00,Reading Glasses,Bangalore_WH,462,60,153,369,369,150,OK
INV00279,2026-03-12 15:00:00,Sunglasses,Bangalore_WH,347,160,245,262,262,150,OK
INV00280,2026-03-12 16:00:00,Optical Frame,Delhi_WH,345,73,87,331,331,150,OK
INV00281,2026-03-12 17:00:00,Optical Frame,Delhi_WH,390,187,199,378,378,150,OK
INV00282,2026-03-12 18:00:00,Prescription Lens,Mumbai_WH,365,251,199,417,417,150,OK
INV00283,2026-03-12 19:00:00,Optical Frame,Mumbai_WH,311,180,279,212,212,150,OK
INV00284,2026-03-12 20:00:00,Reading Glasses,Mumbai_WH,485,153,203,435,435,150,OK
INV00285,2026-03-12 21:00:00,Sunglasses,Bangalore_WH,301,189,70,420,420,150,OK
INV00286,2026-03-12 22:00:00,Prescription Lens,Bangalore_WH,285,290,197,378,378,150,OK
INV00287,2026-03-12 23:00:00,Reading Glasses,Delhi_WH,111,223,208,126,126,150,LOW
INV00288,2026-03-13 00:00:00,Optical Frame,Bangalore_WH,278,234,187,325,325,150,OK
INV00289,2026-03-13 01:00:00,Sunglasses,Bangalore_WH,425,180,202,403,403,150,OK
INV00290,2026-03-13 02:00:00,Prescription Lens,Mumbai_WH,393,70,249,214,214,150,OK
INV00291,2026-03-13 03:00:00,Prescription Lens,Delhi_WH,281,80,118,243,243,150,OK
INV00292,2026-03-13 04:00:00,Optical Frame,Bangalore_WH,442,59,100,401,401,150,OK
INV00293,2026-03-13 05:00:00,Sunglasses,Bangalore_WH,144,64,64,144,144,150,LOW
INV00294,2026-03-13 06:00:00,Optical Frame,Mumbai_WH,290,109,236,163,163,150,OK
INV00295,2026-03-13 07:00:00,Prescription Lens,Mumbai_WH,451,217,60,608,608,150,OK
INV00296,2026-03-13 08:00:00,Sunglasses,Delhi_WH,368,261,87,542,542,150,OK
INV00297,2026-03-13 09:00:00,Contact Lens,Mumbai_WH,224,185,116,293,293,150,OK
INV00298,2026-03-13 10:00:00,Optical Frame,Mumbai_WH,362,99,243,218,218,150,OK
INV00299,2026-03-13 11:00:00,Prescription Lens,Bangalore_WH,261,252,288,225,225,150,OK
INV00300,2026-03-13 12:00:00,Sunglasses,Bangalore_WH,392,252,121,523,523,150,OK
INV00301,2026-03-13 13:00:00,Optical Frame,Mumbai_WH,136,172,280,28,28,150,LOW
INV00302,2026-03-13 14:00:00,Prescription Lens,Delhi_WH,210,75,267,18,18,150,LOW
INV00303,2026-03-13 15:00:00,Contact Lens,Bangalore_WH,123,165,65,223,223,150,OK
INV00304,2026-03-13 16:00:00,Sunglasses,Bangalore_WH,455,172,227,400,400,150,OK
INV00305,2026-03-13 17:00:00,Reading Glasses,Bangalore_WH,498,269,130,637,637,150,OK
INV00306,2026-03-13 18:00:00,Contact Lens,Bangalore_WH,195,146,230,111,111,150,LOW
INV00307,2026-03-13 19:00:00,Contact Lens,Bangalore_WH,384,130,85,429,429,150,OK
INV00308,2026-03-13 20:00:00,Reading Glasses,Mumbai_WH,122,150,113,159,159,150,OK
INV00309,2026-03-13 21:00:00,Reading Glasses,Mumbai_WH,267,196,259,204,204,150,OK
INV00310,2026-03-13 22:00:00,Optical Frame,Delhi_WH,168,264,63,369,369,150,OK
INV00311,2026-03-13 23:00:00,Sunglasses,Mumbai_WH,325,233,270,288,288,150,OK
INV00312,2026-03-14 00:00:00,Prescription Lens,Bangalore_WH,169,54,121,102,102,150,LOW
INV00313,2026-03-14 01:00:00,Contact Lens,Delhi_WH,122,278,105,295,295,150,OK
INV00314,2026-03-14 02:00:00,Sunglasses,Delhi_WH,150,217,252,115,115,150,LOW
INV00315,2026-03-14 03:00:00,Optical Frame,Delhi_WH,353,288,140,501,501,150,OK
INV00316,2026-03-14 04:00:00,Prescription Lens,Mumbai_WH,202,182,171,213,213,150,OK
INV00317,2026-03-14 05:00:00,Optical Frame,Mumbai_WH,488,288,251,525,525,150,OK
INV00318,2026-03-14 06:00:00,Reading Glasses,Mumbai_WH,253,178,51,380,380,150,OK
INV00319,2026-03-14 07:00:00,Reading Glasses,Mumbai_WH,375,239,284,330,330,150,OK
INV00320,2026-03-14 08:00:00,Optical Frame,Bangalore_WH,293,238,259,272,272,150,OK
INV00321,2026-03-14 09:00:00,Reading Glasses,Delhi_WH,196,250,194,252,252,150,OK
INV00322,2026-03-14 10:00:00,Prescription Lens,Bangalore_WH,336,61,51,346,346,150,OK
INV00323,2026-03-14 11:00:00,Sunglasses,Bangalore_WH,423,90,145,368,368,150,OK
INV00324,2026-03-14 12:00:00,Contact Lens,Bangalore_WH,340,284,249,375,375,150,OK
INV00325,2026-03-14 13:00:00,Optical Frame,Mumbai_WH,137,110,73,174,174,150,OK
INV00326,2026-03-14 14:00:00,Contact Lens,Delhi_WH,365,261,191,435,435,150,OK
INV00327,2026-03-14 15:00:00,Reading Glasses,Mumbai_WH,268,234,100,402,402,150,OK
INV00328,2026-03-14 16:00:00,Sunglasses,Delhi_WH,417,231,139,509,509,150,OK
INV00329,2026-03-14 17:00:00,Prescription Lens,Mumbai_WH,399,258,276,381,381,150,OK
INV00330,2026-03-14 18:00:00,Contact Lens,Bangalore_WH,479,70,106,443,443,150,OK
INV00331,2026-03-14 19:00:00,Sunglasses,Mumbai_WH,434,221,187,468,468,150,OK
INV00332,2026-03-14 20:00:00,Optical Frame,Mumbai_WH,328,75,278,125,125,150,LOW
INV00333,2026-03-14 21:00:00,Prescription Lens,Mumbai_WH,125,202,154,173,173,150,OK
INV00334,2026-03-14 22:00:00,Sunglasses,Bangalore_WH,167,88,262,-7,-7,150,LOW
INV00335,2026-03-14 23:00:00,Optical Frame,Bangalore_WH,440,238,181,497,497,150,OK
INV00336,2026-03-15 00:00:00,Contact Lens,Bangalore_WH,446,236,75,607,607,150,OK
INV00337,2026-03-15 01:00:00,Contact Lens,Mumbai_WH,415,213,173,455,455,150,OK
INV00338,2026-03-15 02:00:00,Optical Frame,Delhi_WH,176,147,205,118,118,150,LOW
INV00339,2026-03-15 03:00:00,Reading Glasses,Bangalore_WH,303,290,98,495,495,150,OK
INV00340,2026-03-15 04:00:00,Sunglasses,Bangalore_WH,318,265,186,397,397,150,OK
INV00341,2026-03-15 05:00:00,Optical Frame,Mumbai_WH,465,246,275,436,436,150,OK
INV00342,2026-03-15 06:00:00,Prescription Lens,Mumbai_WH,171,85,193,63,63,150,LOW
INV00343,2026-03-15 07:00:00,Sunglasses,Bangalore_WH,186,277,129,334,334,150,OK
INV00344,2026-03-15 08:00:00,Contact Lens,Bangalore_WH,335,73,223,185,185,150,OK
INV00345,2026-03-15 09:00:00,Reading Glasses,Mumbai_WH,144,115,299,-40,-40,150,LOW
INV00346,2026-03-15 10:00:00,Reading Glasses,Delhi_WH,263,150,62,351,351,150,OK
INV00347,2026-03-15 11:00:00,Prescription Lens,Delhi_WH,118,123,186,55,55,150,LOW
INV00348,2026-03-15 12:00:00,Optical Frame,Bangalore_WH,212,282,92,402,402,150,OK
INV00349,2026-03-15 13:00:00,Optical Frame,Mumbai_WH,443,88,112,419,419,150,OK
INV00350,2026-03-15 14:00:00,Sunglasses,Mumbai_WH,404,221,247,378,378,150,OK
INV00351,2026-03-15 15:00:00,Contact Lens,Mumbai_WH,221,244,52,413,413,150,OK
INV00352,2026-03-15 16:00:00,Sunglasses,Mumbai_WH,367,249,263,353,353,150,OK
INV00353,2026-03-15 17:00:00,Contact Lens,Delhi_WH,297,245,294,248,248,150,OK
INV00354,2026-03-15 18:00:00,Optical Frame,Mumbai_WH,242,193,298,137,137,150,LOW
INV00355,2026-03-15 19:00:00,Reading Glasses,Delhi_WH,413,66,106,373,373,150,OK
INV00356,2026-03-15 20:00:00,Contact Lens,Bangalore_WH,454,123,248,329,329,150,OK
INV00357,2026-03-15 21:00:00,Optical Frame,Mumbai_WH,389,60,179,270,270,150,OK
INV00358,2026-03-15 22:00:00,Optical Frame,Bangalore_WH,274,255,89,440,440,150,OK
INV00359,2026-03-15 23:00:00,Sunglasses,Delhi_WH,397,110,93,414,414,150,OK
INV00360,2026-03-16 00:00:00,Reading Glasses,Mumbai_WH,470,108,286,292,292,150,OK
INV00361,2026-03-16 01:00:00,Contact Lens,Mumbai_WH,209,135,134,210,210,150,OK
INV00362,2026-03-16 02:00:00,Contact Lens,Delhi_WH,151,51,204,-2,-2,150,LOW
INV00363,2026-03-16 03:00:00,Optical Frame,Mumbai_WH,233,101,175,159,159,150,OK
INV00364,2026-03-16 04:00:00,Contact Lens,Bangalore_WH,272,298,116,454,454,150,OK
INV00365,2026-03-16 05:00:00,Sunglasses,Delhi_WH,388,186,256,318,318,150,OK
INV00366,2026-03-16 06:00:00,Prescription Lens,Delhi_WH,432,285,167,550,550,150,OK
INV00367,2026-03-16 07:00:00,Sunglasses,Bangalore_WH,431,223,187,467,467,150,OK
INV00368,2026-03-16 08:00:00,Reading Glasses,Delhi_WH,133,150,284,-1,-1,150,LOW
INV00369,2026-03-16 09:00:00,Optical Frame,Mumbai_WH,144,129,279,-6,-6,150,LOW
INV00370,2026-03-16 10:00:00,Contact Lens,Bangalore_WH,286,142,223,205,205,150,OK
INV00371,2026-03-16 11:00:00,Contact Lens,Bangalore_WH,225,181,228,178,178,150,OK
INV00372,2026-03-16 12:00:00,Optical Frame,Mumbai_WH,287,188,236,239,239,150,OK
INV00373,2026-03-16 13:00:00,Optical Frame,Mumbai_WH,135,160,90,205,205,150,OK
INV00374,2026-03-16 14:00:00,Reading Glasses,Mumbai_WH,447,228,221,454,454,150,OK
INV00375,2026-03-16 15:00:00,Contact Lens,Delhi_WH,389,171,147,413,413,150,OK
INV00376,2026-03-16 16:00:00,Prescription Lens,Mumbai_WH,488,251,164,575,575,150,OK
INV00377,2026-03-16 17:00:00,Contact Lens,Bangalore_WH,375,238,104,509,509,150,OK
INV00378,2026-03-16 18:00:00,Prescription Lens,Delhi_WH,314,209,287,236,236,150,OK
INV00379,2026-03-16 19:00:00,Contact Lens,Delhi_WH,470,189,221,438,438,150,OK
INV00380,2026-03-16 20:00:00,Contact Lens,Bangalore_WH,156,140,155,141,141,150,LOW
INV00381,2026-03-16 21:00:00,Reading Glasses,Mumbai_WH,131,65,91,105,105,150,LOW
INV00382,2026-03-16 22:00:00,Optical Frame,Bangalore_WH,274,122,120,276,276,150,OK
INV00383,2026-03-16 23:00:00,Sunglasses,Delhi_WH,151,68,139,80,80,150,LOW
INV00384,2026-03-17 00:00:00,Contact Lens,Delhi_WH,226,280,89,417,417,150,OK
INV00385,2026-03-17 01:00:00,Contact Lens,Mumbai_WH,194,107,132,169,169,150,OK
INV00386,2026-03-17 02:00:00,Sunglasses,Delhi_WH,310,248,185,373,373,150,OK
INV00387,2026-03-17 03:00:00,Optical Frame,Mumbai_WH,319,120,278,161,161,150,OK
INV00388,2026-03-17 04:00:00,Contact Lens,Bangalore_WH,328,214,198,344,344,150,OK
INV00389,2026-03-17 05:00:00,Reading Glasses,Delhi_WH,257,257,102,412,412,150,OK
INV00390,2026-03-17 06:00:00,Reading Glasses,Mumbai_WH,425,210,282,353,353,150,OK
INV00391,2026-03-17 07:00:00,Prescription Lens,Mumbai_WH,228,196,97,327,327,150,OK
INV00392,2026-03-17 08:00:00,Sunglasses,Delhi_WH,327,55,175,207,207,150,OK
INV00393,2026-03-17 09:00:00,Optical Frame,Delhi_WH,454,182,76,560,560,150,OK
INV00394,2026-03-17 10:00:00,Contact Lens,Delhi_WH,253,87,246,94,94,150,LOW
INV00395,2026-03-17 11:00:00,Optical Frame,Mumbai_WH,481,179,142,518,518,150,OK
INV00396,2026-03-17 12:00:00,Prescription Lens,Bangalore_WH,386,104,118,372,372,150,OK
INV00397,2026-03-17 13:00:00,Contact Lens,Mumbai_WH,258,169,173,254,254,150,OK
INV00398,2026-03-17 14:00:00,Reading Glasses,Mumbai_WH,142,166,270,38,38,150,LOW
INV00399,2026-03-17 15:00:00,Contact Lens,Mumbai_WH,227,159,114,272,272,150,OK
INV00400,2026-03-17 16:00:00,Sunglasses,Mumbai_WH,480,250,96,634,634,150,OK
INV00401,2026-03-17 17:00:00,Contact Lens,Delhi_WH,386,106,210,282,282,150,OK
INV00402,2026-03-17 18:00:00,Prescription Lens,Bangalore_WH,391,292,158,525,525,150,OK
INV00403,2026-03-17 19:00:00,Reading Glasses,Delhi_WH,495,157,171,481,481,150,OK
INV00404,2026-03-17 20:00:00,Prescription Lens,Bangalore_WH,373,185,298,260,260,150,OK
INV00405,2026-03-17 21:00:00,Contact Lens,Delhi_WH,419,92,149,362,362,150,OK
INV00406,2026-03-17 22:00:00,Contact Lens,Bangalore_WH,498,226,166,558,558,150,OK
INV00407,2026-03-17 23:00:00,Reading Glasses,Bangalore_WH,138,160,161,137,137,150,LOW
INV00408,2026-03-18 00:00:00,Prescription Lens,Bangalore_WH,126,55,229,-48,-48,150,LOW
INV00409,2026-03-18 01:00:00,Optical Frame,Delhi_WH,427,203,255,375,375,150,OK
INV00410,2026-03-18 02:00:00,Optical Frame,Bangalore_WH,409,95,155,349,349,150,OK
INV00411,2026-03-18 03:00:00,Prescription Lens,Mumbai_WH,137,270,99,308,308,150,OK
INV00412,2026-03-18 04:00:00,Reading Glasses,Delhi_WH,187,274,266,195,195,150,OK
INV00413,2026-03-18 05:00:00,Reading Glasses,Bangalore_WH,260,105,153,212,212,150,OK
INV00414,2026-03-18 06:00:00,Sunglasses,Mumbai_WH,235,298,221,312,312,150,OK
INV00415,2026-03-18 07:00:00,Prescription Lens,Delhi_WH,415,60,289,186,186,150,OK
INV00416,2026-03-18 08:00:00,Optical Frame,Delhi_WH,147,151,246,52,52,150,LOW
INV00417,2026-03-18 09:00:00,Optical Frame,Delhi_WH,409,214,179,444,444,150,OK
INV00418,2026-03-18 10:00:00,Sunglasses,Bangalore_WH,407,236,246,397,397,150,OK
INV00419,2026-03-18 11:00:00,Sunglasses,Delhi_WH,322,289,121,490,490,150,OK
INV00420,2026-03-18 12:00:00,Sunglasses,Delhi_WH,100,153,254,-1,-1,150,LOW
INV00421,2026-03-18 13:00:00,Contact Lens,Bangalore_WH,468,56,230,294,294,150,OK
INV00422,2026-03-18 14:00:00,Sunglasses,Bangalore_WH,287,221,136,372,372,150,OK
INV00423,2026-03-18 15:00:00,Optical Frame,Mumbai_WH,102,218,274,46,46,150,LOW
INV00424,2026-03-18 16:00:00,Sunglasses,Delhi_WH,153,245,289,109,109,150,LOW
INV00425,2026-03-18 17:00:00,Reading Glasses,Bangalore_WH,320,131,191,260,260,150,OK
INV00426,2026-03-18 18:00:00,Optical Frame,Bangalore_WH,336,141,50,427,427,150,OK
INV00427,2026-03-18 19:00:00,Prescription Lens,Mumbai_WH,383,145,78,450,450,150,OK
INV00428,2026-03-18 20:00:00,Reading Glasses,Delhi_WH,270,249,250,269,269,150,OK
INV00429,2026-03-18 21:00:00,Sunglasses,Delhi_WH,424,263,256,431,431,150,OK
INV00430,2026-03-18 22:00:00,Reading Glasses,Delhi_WH,335,196,139,392,392,150,OK
INV00431,2026-03-18 23:00:00,Contact Lens,Mumbai_WH,278,210,280,208,208,150,OK
INV00432,2026-03-19 00:00:00,Contact Lens,Mumbai_WH,461,72,271,262,262,150,OK
INV00433,2026-03-19 01:00:00,Optical Frame,Delhi_WH,302,285,149,438,438,150,OK
INV00434,2026-03-19 02:00:00,Contact Lens,Bangalore_WH,112,69,226,-45,-45,150,LOW
INV00435,2026-03-19 03:00:00,Contact Lens,Bangalore_WH,404,114,109,409,409,150,OK
INV00436,2026-03-19 04:00:00,Prescription Lens,Bangalore_WH,239,269,251,257,257,150,OK
INV00437,2026-03-19 05:00:00,Reading Glasses,Delhi_WH,326,292,237,381,381,150,OK
INV00438,2026-03-19 06:00:00,Reading Glasses,Mumbai_WH,475,285,150,610,610,150,OK
INV00439,2026-03-19 07:00:00,Prescription Lens,Delhi_WH,431,228,63,596,596,150,OK
INV00440,2026-03-19 08:00:00,Prescription Lens,Mumbai_WH,315,253,177,391,391,150,OK
INV00441,2026-03-19 09:00:00,Contact Lens,Delhi_WH,355,251,202,404,404,150,OK
INV00442,2026-03-19 10:00:00,Sunglasses,Bangalore_WH,289,54,144,199,199,150,OK
INV00443,2026-03-19 11:00:00,Reading Glasses,Delhi_WH,402,223,251,374,374,150,OK
INV00444,2026-03-19 12:00:00,Optical Frame,Delhi_WH,148,160,204,104,104,150,LOW
INV00445,2026-03-19 13:00:00,Optical Frame,Mumbai_WH,288,112,131,269,269,150,OK
INV00446,2026-03-19 14:00:00,Sunglasses,Delhi_WH,235,165,199,201,201,150,OK
INV00447,2026-03-19 15:00:00,Sunglasses,Bangalore_WH,108,250,178,180,180,150,OK
INV00448,2026-03-19 16:00:00,Optical Frame,Bangalore_WH,457,205,170,492,492,150,OK
INV00449,2026-03-19 17:00:00,Optical Frame,Mumbai_WH,121,58,285,-106,-106,150,LOW
INV00450,2026-03-19 18:00:00,Sunglasses,Bangalore_WH,235,106,246,95,95,150,LOW
INV00451,2026-03-19 19:00:00,Prescription Lens,Delhi_WH,384,180,87,477,477,150,OK
INV00452,2026-03-19 20:00:00,Sunglasses,Bangalore_WH,236,50,163,123,123,150,LOW
INV00453,2026-03-19 21:00:00,Optical Frame,Bangalore_WH,425,232,253,404,404,150,OK
INV00454,2026-03-19 22:00:00,Reading Glasses,Mumbai_WH,151,113,247,17,17,150,LOW
INV00455,2026-03-19 23:00:00,Prescription Lens,Mumbai_WH,490,265,160,595,595,150,OK
INV00456,2026-03-20 00:00:00,Sunglasses,Mumbai_WH,469,53,221,301,301,150,OK
INV00457,2026-03-20 01:00:00,Contact Lens,Mumbai_WH,422,124,297,249,249,150,OK
INV00458,2026-03-20 02:00:00,Sunglasses,Delhi_WH,291,151,274,168,168,150,OK
INV00459,2026-03-20 03:00:00,Contact Lens,Mumbai_WH,309,280,55,534,534,150,OK
INV00460,2026-03-20 04:00:00,Sunglasses,Bangalore_WH,454,286,67,673,673,150,OK
INV00461,2026-03-20 05:00:00,Optical Frame,Bangalore_WH,175,220,257,138,138,150,LOW
INV00462,2026-03-20 06:00:00,Prescription Lens,Delhi_WH,193,131,150,174,174,150,OK
INV00463,2026-03-20 07:00:00,Sunglasses,Bangalore_WH,142,187,197,132,132,150,LOW
INV00464,2026-03-20 08:00:00,Prescription Lens,Delhi_WH,428,271,268,431,431,150,OK
INV00465,2026-03-20 09:00:00,Contact Lens,Delhi_WH,135,221,142,214,214,150,OK
INV00466,2026-03-20 10:00:00,Contact Lens,Mumbai_WH,120,84,140,64,64,150,LOW
INV00467,2026-03-20 11:00:00,Contact Lens,Delhi_WH,440,148,69,519,519,150,OK
INV00468,2026-03-20 12:00:00,Optical Frame,Bangalore_WH,354,148,176,326,326,150,OK
INV00469,2026-03-20 13:00:00,Sunglasses,Delhi_WH,344,178,247,275,275,150,OK
INV00470,2026-03-20 14:00:00,Reading Glasses,Mumbai_WH,113,72,53,132,132,150,LOW
INV00471,2026-03-20 15:00:00,Sunglasses,Bangalore_WH,425,140,185,380,380,150,OK
INV00472,2026-03-20 16:00:00,Sunglasses,Mumbai_WH,125,244,119,250,250,150,OK
INV00473,2026-03-20 17:00:00,Prescription Lens,Bangalore_WH,270,230,179,321,321,150,OK
INV00474,2026-03-20 18:00:00,Contact Lens,Bangalore_WH,194,240,51,383,383,150,OK
INV00475,2026-03-20 19:00:00,Optical Frame,Bangalore_WH,106,238,258,86,86,150,LOW
INV00476,2026-03-20 20:00:00,Sunglasses,Bangalore_WH,305,69,124,250,250,150,OK
INV00477,2026-03-20 21:00:00,Contact Lens,Bangalore_WH,202,101,271,32,32,150,LOW
INV00478,2026-03-20 22:00:00,Reading Glasses,Bangalore_WH,260,205,210,255,255,150,OK
INV00479,2026-03-20 23:00:00,Reading Glasses,Mumbai_WH,102,92,288,-94,-94,150,LOW
INV00480,2026-03-21 00:00:00,Contact Lens,Bangalore_WH,361,215,150,426,426,150,OK
INV00481,2026-03-21 01:00:00,Sunglasses,Mumbai_WH,341,236,127,450,450,150,OK
INV00482,2026-03-21 02:00:00,Prescription Lens,Bangalore_WH,356,253,177,432,432,150,OK
INV00483,2026-03-21 03:00:00,Contact Lens,Mumbai_WH,201,121,115,207,207,150,OK
INV00484,2026-03-21 04:00:00,Optical Frame,Delhi_WH,331,213,153,391,391,150,OK
INV00485,2026-03-21 05:00:00,Reading Glasses,Delhi_WH,455,133,98,490,490,150,OK
INV00486,2026-03-21 06:00:00,Prescription Lens,Delhi_WH,492,124,116,500,500,150,OK
INV00487,2026-03-21 07:00:00,Optical Frame,Bangalore_WH,233,225,245,213,213,150,OK
INV00488,2026-03-21 08:00:00,Sunglasses,Delhi_WH,243,168,193,218,218,150,OK
INV00489,2026-03-21 09:00:00,Contact Lens,Bangalore_WH,415,146,196,365,365,150,OK
INV00490,2026-03-21 10:00:00,Prescription Lens,Delhi_WH,331,287,294,324,324,150,OK
INV00491,2026-03-21 11:00:00,Prescription Lens,Bangalore_WH,194,224,283,135,135,150,LOW
INV00492,2026-03-21 12:00:00,Sunglasses,Delhi_WH,129,186,254,61,61,150,LOW
INV00493,2026-03-21 13:00:00,Sunglasses,Delhi_WH,150,211,74,287,287,150,OK
INV00494,2026-03-21 14:00:00,Contact Lens,Delhi_WH,381,190,58,513,513,150,OK
INV00495,2026-03-21 15:00:00,Contact Lens,Mumbai_WH,418,124,145,397,397,150,OK
INV00496,2026-03-21 16:00:00,Contact Lens,Mumbai_WH,498,228,240,486,486,150,OK
INV00497,2026-03-21 17:00:00,Contact Lens,Bangalore_WH,301,229,235,295,295,150,OK
INV00498,2026-03-21 18:00:00,Reading Glasses,Delhi_WH,148,155,136,167,167,150,OK
INV00499,2026-03-21 19:00:00,Contact Lens,Delhi_WH,103,184,276,11,11,150,LOW
INV00500,2026-03-21 20:00:00,Optical Frame,Mumbai_WH,355,241,256,340,340,150,OK
INV00501,2026-03-21 21:00:00,Reading Glasses,Bangalore_WH,419,221,153,487,487,150,OK
INV00502,2026-03-21 22:00:00,Contact Lens,Mumbai_WH,200,227,119,308,308,150,OK
INV00503,2026-03-21 23:00:00,Contact Lens,Mumbai_WH,183,283,146,320,320,150,OK
INV00504,2026-03-22 00:00:00,Optical Frame,Bangalore_WH,476,220,210,486,486,150,OK
INV00505,2026-03-22 01:00:00,Sunglasses,Bangalore_WH,340,176,244,272,272,150,OK
INV00506,2026-03-22 02:00:00,Optical Frame,Bangalore_WH,247,249,54,442,442,150,OK
INV00507,2026-03-22 03:00:00,Sunglasses,Bangalore_WH,197,98,71,224,224,150,OK
INV00508,2026-03-22 04:00:00,Reading Glasses,Delhi_WH,446,106,171,381,381,150,OK
INV00509,2026-03-22 05:00:00,Sunglasses,Bangalore_WH,333,125,185,273,273,150,OK
INV00510,2026-03-22 06:00:00,Optical Frame,Bangalore_WH,364,219,71,512,512,150,OK
INV00511,2026-03-22 07:00:00,Reading Glasses,Delhi_WH,235,230,289,176,176,150,OK
INV00512,2026-03-22 08:00:00,Reading Glasses,Mumbai_WH,340,90,268,162,162,150,OK
INV00513,2026-03-22 09:00:00,Sunglasses,Delhi_WH,189,218,66,341,341,150,OK
INV00514,2026-03-22 10:00:00,Prescription Lens,Delhi_WH,365,257,94,528,528,150,OK
INV00515,2026-03-22 11:00:00,Contact Lens,Delhi_WH,237,190,143,284,284,150,OK
INV00516,2026-03-22 12:00:00,Reading Glasses,Bangalore_WH,387,260,213,434,434,150,OK
INV00517,2026-03-22 13:00:00,Sunglasses,Bangalore_WH,160,211,127,244,244,150,OK
INV00518,2026-03-22 14:00:00,Contact Lens,Delhi_WH,184,130,54,260,260,150,OK
INV00519,2026-03-22 15:00:00,Optical Frame,Delhi_WH,197,132,116,213,213,150,OK
INV00520,2026-03-22 16:00:00,Contact Lens,Bangalore_WH,357,254,182,429,429,150,OK
INV00521,2026-03-22 17:00:00,Sunglasses,Bangalore_WH,251,217,178,290,290,150,OK
INV00522,2026-03-22 18:00:00,Sunglasses,Mumbai_WH,405,112,189,328,328,150,OK
INV00523,2026-03-22 19:00:00,Optical Frame,Bangalore_WH,342,129,81,390,390,150,OK
INV00524,2026-03-22 20:00:00,Prescription Lens,Delhi_WH,397,116,268,245,245,150,OK
INV00525,2026-03-22 21:00:00,Prescription Lens,Bangalore_WH,114,173,261,26,26,150,LOW
INV00526,2026-03-22 22:00:00,Contact Lens,Mumbai_WH,168,214,95,287,287,150,OK
INV00527,2026-03-22 23:00:00,Prescription Lens,Bangalore_WH,324,81,130,275,275,150,OK
INV00528,2026-03-23 00:00:00,Sunglasses,Mumbai_WH,289,70,78,281,281,150,OK
INV00529,2026-03-23 01:00:00,Reading Glasses,Mumbai_WH,349,96,194,251,251,150,OK
INV00530,2026-03-23 02:00:00,Optical Frame,Bangalore_WH,409,143,269,283,283,150,OK
INV00531,2026-03-23 03:00:00,Prescription Lens,Delhi_WH,385,233,299,319,319,150,OK
INV00532,2026-03-23 04:00:00,Optical Frame,Bangalore_WH,238,199,245,192,192,150,OK
INV00533,2026-03-23 05:00:00,Sunglasses,Mumbai_WH,103,287,191,199,199,150,OK
INV00534,2026-03-23 06:00:00,Prescription Lens,Bangalore_WH,190,159,110,239,239,150,OK
INV00535,2026-03-23 07:00:00,Reading Glasses,Bangalore_WH,465,245,139,571,571,150,OK
INV00536,2026-03-23 08:00:00,Prescription Lens,Mumbai_WH,466,76,133,409,409,150,OK
INV00537,2026-03-23 09:00:00,Optical Frame,Mumbai_WH,177,100,165,112,112,150,LOW
INV00538,2026-03-23 10:00:00,Prescription Lens,Bangalore_WH,456,116,232,340,340,150,OK
INV00539,2026-03-23 11:00:00,Optical Frame,Delhi_WH,114,163,59,218,218,150,OK
INV00540,2026-03-23 12:00:00,Prescription Lens,Delhi_WH,462,169,292,339,339,150,OK
INV00541,2026-03-23 13:00:00,Prescription Lens,Delhi_WH,388,276,66,598,598,150,OK
INV00542,2026-03-23 14:00:00,Prescription Lens,Bangalore_WH,310,120,106,324,324,150,OK
INV00543,2026-03-23 15:00:00,Prescription Lens,Bangalore_WH,495,91,163,423,423,150,OK
INV00544,2026-03-23 16:00:00,Sunglasses,Delhi_WH,263,93,189,167,167,150,OK
INV00545,2026-03-23 17:00:00,Optical Frame,Mumbai_WH,177,90,126,141,141,150,LOW
INV00546,2026-03-23 18:00:00,Contact Lens,Bangalore_WH,234,223,153,304,304,150,OK
INV00547,2026-03-23 19:00:00,Prescription Lens,Mumbai_WH,129,96,208,17,17,150,LOW
INV00548,2026-03-23 20:00:00,Prescription Lens,Mumbai_WH,421,126,77,470,470,150,OK
INV00549,2026-03-23 21:00:00,Optical Frame,Delhi_WH,401,130,216,315,315,150,OK
INV00550,2026-03-23 22:00:00,Reading Glasses,Bangalore_WH,343,226,291,278,278,150,OK
INV00551,2026-03-23 23:00:00,Reading Glasses,Mumbai_WH,199,286,181,304,304,150,OK
INV00552,2026-03-24 00:00:00,Sunglasses,Delhi_WH,494,222,297,419,419,150,OK
INV00553,2026-03-24 01:00:00,Contact Lens,Bangalore_WH,394,70,53,411,411,150,OK
INV00554,2026-03-24 02:00:00,Reading Glasses,Bangalore_WH,173,84,83,174,174,150,OK
INV00555,2026-03-24 03:00:00,Optical Frame,Bangalore_WH,462,211,165,508,508,150,OK
INV00556,2026-03-24 04:00:00,Reading Glasses,Bangalore_WH,476,205,55,626,626,150,OK
INV00557,2026-03-24 05:00:00,Optical Frame,Delhi_WH,164,239,284,119,119,150,LOW
INV00558,2026-03-24 06:00:00,Reading Glasses,Bangalore_WH,316,297,220,393,393,150,OK
INV00559,2026-03-24 07:00:00,Contact Lens,Mumbai_WH,395,153,118,430,430,150,OK
INV00560,2026-03-24 08:00:00,Contact Lens,Delhi_WH,120,124,117,127,127,150,LOW
INV00561,2026-03-24 09:00:00,Sunglasses,Delhi_WH,222,264,276,210,210,150,OK
INV00562,2026-03-24 10:00:00,Sunglasses,Bangalore_WH,367,148,181,334,334,150,OK
INV00563,2026-03-24 11:00:00,Optical Frame,Delhi_WH,397,225,135,487,487,150,OK
INV00564,2026-03-24 12:00:00,Contact Lens,Mumbai_WH,297,81,52,326,326,150,OK
INV00565,2026-03-24 13:00:00,Contact Lens,Delhi_WH,371,275,107,539,539,150,OK
INV00566,2026-03-24 14:00:00,Reading Glasses,Bangalore_WH,472,224,139,557,557,150,OK
INV00567,2026-03-24 15:00:00,Prescription Lens,Mumbai_WH,392,64,272,184,184,150,OK
INV00568,2026-03-24 16:00:00,Optical Frame,Mumbai_WH,496,121,234,383,383,150,OK
INV00569,2026-03-24 17:00:00,Sunglasses,Delhi_WH,207,122,87,242,242,150,OK
INV00570,2026-03-24 18:00:00,Optical Frame,Delhi_WH,441,200,196,445,445,150,OK
INV00571,2026-03-24 19:00:00,Contact Lens,Bangalore_WH,196,150,178,168,168,150,OK
INV00572,2026-03-24 20:00:00,Contact Lens,Bangalore_WH,217,273,209,281,281,150,OK
INV00573,2026-03-24 21:00:00,Contact Lens,Delhi_WH,378,183,232,329,329,150,OK
INV00574,2026-03-24 22:00:00,Contact Lens,Delhi_WH,262,241,211,292,292,150,OK
INV00575,2026-03-24 23:00:00,Optical Frame,Mumbai_WH,118,215,216,117,117,150,LOW
INV00576,2026-03-25 00:00:00,Reading Glasses,Mumbai_WH,411,223,175,459,459,150,OK
INV00577,2026-03-25 01:00:00,Optical Frame,Bangalore_WH,336,160,273,223,223,150,OK
INV00578,2026-03-25 02:00:00,Optical Frame,Delhi_WH,283,293,221,355,355,150,OK
INV00579,2026-03-25 03:00:00,Prescription Lens,Bangalore_WH,427,221,86,562,562,150,OK
INV00580,2026-03-25 04:00:00,Sunglasses,Delhi_WH,387,280,115,552,552,150,OK
INV00581,2026-03-25 05:00:00,Contact Lens,Delhi_WH,171,237,204,204,204,150,OK
INV00582,2026-03-25 06:00:00,Optical Frame,Delhi_WH,481,232,84,629,629,150,OK
INV00583,2026-03-25 07:00:00,Contact Lens,Bangalore_WH,307,86,180,213,213,150,OK
INV00584,2026-03-25 08:00:00,Sunglasses,Bangalore_WH,290,276,163,403,403,150,OK
INV00585,2026-03-25 09:00:00,Prescription Lens,Mumbai_WH,490,53,155,388,388,150,OK
INV00586,2026-03-25 10:00:00,Optical Frame,Mumbai_WH,469,80,297,252,252,150,OK
INV00587,2026-03-25 11:00:00,Prescription Lens,Delhi_WH,165,172,175,162,162,150,OK
INV00588,2026-03-25 12:00:00,Prescription Lens,Delhi_WH,109,77,293,-107,-107,150,LOW
INV00589,2026-03-25 13:00:00,Optical Frame,Mumbai_WH,212,108,224,96,96,150,LOW
INV00590,2026-03-25 14:00:00,Sunglasses,Delhi_WH,315,287,51,551,551,150,OK
INV00591,2026-03-25 15:00:00,Reading Glasses,Delhi_WH,113,177,231,59,59,150,LOW
INV00592,2026-03-25 16:00:00,Prescription Lens,Bangalore_WH,432,94,125,401,401,150,OK
INV00593,2026-03-25 17:00:00,Prescription Lens,Delhi_WH,405,274,75,604,604,150,OK
INV00594,2026-03-25 18:00:00,Sunglasses,Mumbai_WH,212,119,188,143,143,150,LOW
INV00595,2026-03-25 19:00:00,Reading Glasses,Delhi_WH,257,261,87,431,431,150,OK
INV00596,2026-03-25 20:00:00,Sunglasses,Mumbai_WH,301,289,180,410,410,150,OK
INV00597,2026-03-25 21:00:00,Reading Glasses,Bangalore_WH,267,288,190,365,365,150,OK
INV00598,2026-03-25 22:00:00,Contact Lens,Mumbai_WH,195,146,154,187,187,150,OK
INV00599,2026-03-25 23:00:00,Prescription Lens,Delhi_WH,174,51,281,-56,-56,150,LOW
INV00600,2026-03-26 00:00:00,Reading Glasses,Delhi_WH,376,134,119,391,391,150,OK
INV00601,2026-03-26 01:00:00,Sunglasses,Delhi_WH,275,64,181,158,158,150,OK
INV00602,2026-03-26 02:00:00,Prescription Lens,Mumbai_WH,171,233,229,175,175,150,OK
INV00603,2026-03-26 03:00:00,Optical Frame,Mumbai_WH,187,232,77,342,342,150,OK
INV00604,2026-03-26 04:00:00,Prescription Lens,Delhi_WH,108,97,94,111,111,150,LOW
INV00605,2026-03-26 05:00:00,Reading Glasses,Bangalore_WH,168,253,160,261,261,150,OK
INV00606,2026-03-26 06:00:00,Contact Lens,Bangalore_WH,468,295,146,617,617,150,OK
INV00607,2026-03-26 07:00:00,Sunglasses,Mumbai_WH,388,129,130,387,387,150,OK
INV00608,2026-03-26 08:00:00,Contact Lens,Bangalore_WH,112,183,207,88,88,150,LOW
INV00609,2026-03-26 09:00:00,Reading Glasses,Mumbai_WH,499,202,251,450,450,150,OK
INV00610,2026-03-26 10:00:00,Prescription Lens,Delhi_WH,491,296,97,690,690,150,OK
INV00611,2026-03-26 11:00:00,Contact Lens,Mumbai_WH,340,56,51,345,345,150,OK
INV00612,2026-03-26 12:00:00,Sunglasses,Mumbai_WH,488,65,268,285,285,150,OK
INV00613,2026-03-26 13:00:00,Prescription Lens,Delhi_WH,443,174,101,516,516,150,OK
INV00614,2026-03-26 14:00:00,Optical Frame,Mumbai_WH,427,89,275,241,241,150,OK
INV00615,2026-03-26 15:00:00,Prescription Lens,Delhi_WH,151,206,96,261,261,150,OK
INV00616,2026-03-26 16:00:00,Optical Frame,Bangalore_WH,337,204,73,468,468,150,OK
INV00617,2026-03-26 17:00:00,Optical Frame,Mumbai_WH,476,293,92,677,677,150,OK
INV00618,2026-03-26 18:00:00,Optical Frame,Mumbai_WH,182,98,285,-5,-5,150,LOW
INV00619,2026-03-26 19:00:00,Reading Glasses,Bangalore_WH,135,199,74,260,260,150,OK
INV00620,2026-03-26 20:00:00,Contact Lens,Delhi_WH,448,109,127,430,430,150,OK
INV00621,2026-03-26 21:00:00,Reading Glasses,Mumbai_WH,220,132,262,90,90,150,LOW
INV00622,2026-03-26 22:00:00,Optical Frame,Bangalore_WH,383,204,126,461,461,150,OK
INV00623,2026-03-26 23:00:00,Contact Lens,Mumbai_WH,332,273,52,553,553,150,OK
INV00624,2026-03-27 00:00:00,Prescription Lens,Mumbai_WH,262,237,66,433,433,150,OK
INV00625,2026-03-27 01:00:00,Prescription Lens,Bangalore_WH,227,281,236,272,272,150,OK
INV00626,2026-03-27 02:00:00,Contact Lens,Mumbai_WH,476,93,148,421,421,150,OK
INV00627,2026-03-27 03:00:00,Sunglasses,Delhi_WH,190,163,190,163,163,150,OK
INV00628,2026-03-27 04:00:00,Sunglasses,Bangalore_WH,352,64,72,344,344,150,OK
INV00629,2026-03-27 05:00:00,Optical Frame,Bangalore_WH,201,246,184,263,263,150,OK
INV00630,2026-03-27 06:00:00,Optical Frame,Mumbai_WH,383,290,213,460,460,150,OK
INV00631,2026-03-27 07:00:00,Reading Glasses,Delhi_WH,169,224,92,301,301,150,OK
INV00632,2026-03-27 08:00:00,Contact Lens,Mumbai_WH,202,273,95,380,380,150,OK
INV00633,2026-03-27 09:00:00,Sunglasses,Delhi_WH,489,187,188,488,488,150,OK
INV00634,2026-03-27 10:00:00,Prescription Lens,Mumbai_WH,351,299,87,563,563,150,OK
INV00635,2026-03-27 11:00:00,Optical Frame,Delhi_WH,178,79,224,33,33,150,LOW
INV00636,2026-03-27 12:00:00,Prescription Lens,Mumbai_WH,491,87,53,525,525,150,OK
INV00637,2026-03-27 13:00:00,Contact Lens,Delhi_WH,320,85,174,231,231,150,OK
INV00638,2026-03-27 14:00:00,Optical Frame,Bangalore_WH,247,99,220,126,126,150,LOW
INV00639,2026-03-27 15:00:00,Prescription Lens,Bangalore_WH,405,241,221,425,425,150,OK
INV00640,2026-03-27 16:00:00,Sunglasses,Mumbai_WH,298,169,99,368,368,150,OK
INV00641,2026-03-27 17:00:00,Prescription Lens,Mumbai_WH,106,222,260,68,68,150,LOW
INV00642,2026-03-27 18:00:00,Prescription Lens,Bangalore_WH,486,105,166,425,425,150,OK
INV00643,2026-03-27 19:00:00,Prescription Lens,Delhi_WH,359,292,137,514,514,150,OK
INV00644,2026-03-27 20:00:00,Sunglasses,Bangalore_WH,314,73,58,329,329,150,OK
INV00645,2026-03-27 21:00:00,Reading Glasses,Delhi_WH,166,203,203,166,166,150,OK
INV00646,2026-03-27 22:00:00,Sunglasses,Bangalore_WH,221,224,110,335,335,150,OK
INV00647,2026-03-27 23:00:00,Contact Lens,Delhi_WH,253,170,71,352,352,150,OK
INV00648,2026-03-28 00:00:00,Reading Glasses,Delhi_WH,494,229,149,574,574,150,OK
INV00649,2026-03-28 01:00:00,Prescription Lens,Delhi_WH,144,155,195,104,104,150,LOW
INV00650,2026-03-28 02:00:00,Reading Glasses,Mumbai_WH,131,298,201,228,228,150,OK
INV00651,2026-03-28 03:00:00,Reading Glasses,Bangalore_WH,253,285,100,438,438,150,OK
INV00652,2026-03-28 04:00:00,Prescription Lens,Delhi_WH,291,74,256,109,109,150,LOW
INV00653,2026-03-28 05:00:00,Reading Glasses,Bangalore_WH,387,69,121,335,335,150,OK
INV00654,2026-03-28 06:00:00,Contact Lens,Mumbai_WH,400,101,59,442,442,150,OK
INV00655,2026-03-28 07:00:00,Contact Lens,Bangalore_WH,104,192,149,147,147,150,LOW
INV00656,2026-03-28 08:00:00,Reading Glasses,Mumbai_WH,236,100,52,284,284,150,OK
INV00657,2026-03-28 09:00:00,Sunglasses,Mumbai_WH,321,121,103,339,339,150,OK
INV00658,2026-03-28 10:00:00,Reading Glasses,Bangalore_WH,256,204,160,300,300,150,OK
INV00659,2026-03-28 11:00:00,Contact Lens,Delhi_WH,324,132,201,255,255,150,OK
INV00660,2026-03-28 12:00:00,Contact Lens,Bangalore_WH,240,72,196,116,116,150,LOW
INV00661,2026-03-28 13:00:00,Optical Frame,Bangalore_WH,126,289,89,326,326,150,OK
INV00662,2026-03-28 14:00:00,Contact Lens,Bangalore_WH,386,64,150,300,300,150,OK
INV00663,2026-03-28 15:00:00,Contact Lens,Delhi_WH,340,240,110,470,470,150,OK
INV00664,2026-03-28 16:00:00,Optical Frame,Bangalore_WH,403,166,119,450,450,150,OK
INV00665,2026-03-28 17:00:00,Contact Lens,Mumbai_WH,272,168,240,200,200,150,OK
INV00666,2026-03-28 18:00:00,Reading Glasses,Bangalore_WH,144,99,232,11,11,150,LOW
INV00667,2026-03-28 19:00:00,Prescription Lens,Bangalore_WH,475,207,123,559,559,150,OK
INV00668,2026-03-28 20:00:00,Reading Glasses,Bangalore_WH,357,177,287,247,247,150,OK
INV00669,2026-03-28 21:00:00,Optical Frame,Mumbai_WH,136,285,195,226,226,150,OK
INV00670,2026-03-28 22:00:00,Optical Frame,Bangalore_WH,252,297,292,257,257,150,OK
INV00671,2026-03-28 23:00:00,Contact Lens,Bangalore_WH,405,80,129,356,356,150,OK
INV00672,2026-03-29 00:00:00,Reading Glasses,Mumbai_WH,195,99,127,167,167,150,OK
INV00673,2026-03-29 01:00:00,Prescription Lens,Mumbai_WH,354,222,124,452,452,150,OK
INV00674,2026-03-29 02:00:00,Contact Lens,Mumbai_WH,346,229,166,409,409,150,OK
INV00675,2026-03-29 03:00:00,Contact Lens,Mumbai_WH,140,120,184,76,76,150,LOW
INV00676,2026-03-29 04:00:00,Prescription Lens,Delhi_WH,483,81,179,385,385,150,OK
INV00677,2026-03-29 05:00:00,Contact Lens,Bangalore_WH,181,270,81,370,370,150,OK
INV00678,2026-03-29 06:00:00,Optical Frame,Mumbai_WH,249,167,116,300,300,150,OK
INV00679,2026-03-29 07:00:00,Sunglasses,Delhi_WH,132,82,82,132,132,150,LOW
INV00680,2026-03-29 08:00:00,Contact Lens,Bangalore_WH,326,241,247,320,320,150,OK
INV00681,2026-03-29 09:00:00,Prescription Lens,Delhi_WH,209,61,233,37,37,150,LOW
INV00682,2026-03-29 10:00:00,Prescription Lens,Bangalore_WH,328,114,279,163,163,150,OK
INV00683,2026-03-29 11:00:00,Sunglasses,Mumbai_WH,178,211,284,105,105,150,LOW
INV00684,2026-03-29 12:00:00,Contact Lens,Bangalore_WH,479,164,130,513,513,150,OK
INV00685,2026-03-29 13:00:00,Contact Lens,Mumbai_WH,183,255,115,323,323,150,OK
INV00686,2026-03-29 14:00:00,Sunglasses,Delhi_WH,149,103,193,59,59,150,LOW
INV00687,2026-03-29 15:00:00,Sunglasses,Bangalore_WH,128,270,160,238,238,150,OK
INV00688,2026-03-29 16:00:00,Prescription Lens,Delhi_WH,341,297,126,512,512,150,OK
INV00689,2026-03-29 17:00:00,Reading Glasses,Bangalore_WH,347,118,110,355,355,150,OK
INV00690,2026-03-29 18:00:00,Reading Glasses,Mumbai_WH,321,138,253,206,206,150,OK
INV00691,2026-03-29 19:00:00,Optical Frame,Bangalore_WH,408,79,243,244,244,150,OK
INV00692,2026-03-29 20:00:00,Prescription Lens,Bangalore_WH,315,157,270,202,202,150,OK
INV00693,2026-03-29 21:00:00,Prescription Lens,Delhi_WH,447,252,70,629,629,150,OK
INV00694,2026-03-29 22:00:00,Contact Lens,Mumbai_WH,371,150,60,461,461,150,OK
INV00695,2026-03-29 23:00:00,Optical Frame,Bangalore_WH,154,56,189,21,21,150,LOW
INV00696,2026-03-30 00:00:00,Sunglasses,Mumbai_WH,440,251,71,620,620,150,OK
INV00697,2026-03-30 01:00:00,Sunglasses,Bangalore_WH,130,224,144,210,210,150,OK
INV00698,2026-03-30 02:00:00,Sunglasses,Delhi_WH,279,164,234,209,209,150,OK
INV00699,2026-03-30 03:00:00,Sunglasses,Mumbai_WH,257,71,121,207,207,150,OK
INV00700,2026-03-30 04:00:00,Reading Glasses,Mumbai_WH,256,246,269,233,233,150,OK
INV00701,2026-03-30 05:00:00,Sunglasses,Delhi_WH,175,255,202,228,228,150,OK
INV00702,2026-03-30 06:00:00,Sunglasses,Bangalore_WH,211,120,234,97,97,150,LOW
INV00703,2026-03-30 07:00:00,Reading Glasses,Mumbai_WH,465,244,238,471,471,150,OK
INV00704,2026-03-30 08:00:00,Optical Frame,Mumbai_WH,160,105,236,29,29,150,LOW
INV00705,2026-03-30 09:00:00,Sunglasses,Bangalore_WH,310,114,86,338,338,150,OK
INV00706,2026-03-30 10:00:00,Optical Frame,Delhi_WH,395,184,262,317,317,150,OK
INV00707,2026-03-30 11:00:00,Optical Frame,Delhi_WH,273,246,293,226,226,150,OK
INV00708,2026-03-30 12:00:00,Optical Frame,Bangalore_WH,220,87,142,165,165,150,OK
INV00709,2026-03-30 13:00:00,Sunglasses,Delhi_WH,382,125,200,307,307,150,OK
INV00710,2026-03-30 14:00:00,Optical Frame,Mumbai_WH,314,81,51,344,344,150,OK
INV00711,2026-03-30 15:00:00,Sunglasses,Bangalore_WH,313,154,295,172,172,150,OK
INV00712,2026-03-30 16:00:00,Contact Lens,Bangalore_WH,191,288,98,381,381,150,OK
INV00713,2026-03-30 17:00:00,Reading Glasses,Mumbai_WH,182,147,254,75,75,150,LOW
INV00714,2026-03-30 18:00:00,Optical Frame,Mumbai_WH,153,185,204,134,134,150,LOW
INV00715,2026-03-30 19:00:00,Contact Lens,Mumbai_WH,180,258,59,379,379,150,OK
INV00716,2026-03-30 20:00:00,Sunglasses,Delhi_WH,365,216,241,340,340,150,OK
INV00717,2026-03-30 21:00:00,Sunglasses,Bangalore_WH,467,230,138,559,559,150,OK
INV00718,2026-03-30 22:00:00,Optical Frame,Bangalore_WH,267,157,241,183,183,150,OK
INV00719,2026-03-30 23:00:00,Reading Glasses,Mumbai_WH,394,195,211,378,378,150,OK
INV00720,2026-03-31 00:00:00,Optical Frame,Mumbai_WH,298,296,63,531,531,150,OK
INV00721,2026-03-31 01:00:00,Sunglasses,Delhi_WH,350,73,273,150,150,150,OK
INV00722,2026-03-31 02:00:00,Contact Lens,Bangalore_WH,386,278,200,464,464,150,OK
INV00723,2026-03-31 03:00:00,Prescription Lens,Delhi_WH,139,189,199,129,129,150,LOW
INV00724,2026-03-31 04:00:00,Reading Glasses,Bangalore_WH,257,83,66,274,274,150,OK
INV00725,2026-03-31 05:00:00,Reading Glasses,Delhi_WH,355,163,106,412,412,150,OK
INV00726,2026-03-31 06:00:00,Contact Lens,Mumbai_WH,127,202,110,219,219,150,OK
INV00727,2026-03-31 07:00:00,Reading Glasses,Bangalore_WH,178,217,64,331,331,150,OK
INV00728,2026-03-31 08:00:00,Optical Frame,Bangalore_WH,257,53,283,27,27,150,LOW
INV00729,2026-03-31 09:00:00,Contact Lens,Bangalore_WH,305,68,152,221,221,150,OK
INV00730,2026-03-31 10:00:00,Contact Lens,Mumbai_WH,233,138,127,244,244,150,OK
INV00731,2026-03-31 11:00:00,Contact Lens,Mumbai_WH,340,197,289,248,248,150,OK
INV00732,2026-03-31 12:00:00,Sunglasses,Bangalore_WH,132,75,179,28,28,150,LOW
INV00733,2026-03-31 13:00:00,Prescription Lens,Bangalore_WH,275,183,79,379,379,150,OK
INV00734,2026-03-31 14:00:00,Sunglasses,Bangalore_WH,105,207,75,237,237,150,OK
INV00735,2026-03-31 15:00:00,Sunglasses,Mumbai_WH,231,281,185,327,327,150,OK
INV00736,2026-03-31 16:00:00,Contact Lens,Bangalore_WH,383,65,113,335,335,150,OK
INV00737,2026-03-31 17:00:00,Sunglasses,Bangalore_WH,148,170,201,117,117,150,LOW
INV00738,2026-03-31 18:00:00,Optical Frame,Delhi_WH,496,71,188,379,379,150,OK
INV00739,2026-03-31 19:00:00,Reading Glasses,Bangalore_WH,252,241,249,244,244,150,OK
INV00740,2026-03-31 20:00:00,Contact Lens,Bangalore_WH,292,158,242,208,208,150,OK
INV00741,2026-03-31 21:00:00,Prescription Lens,Bangalore_WH,284,267,172,379,379,150,OK
INV00742,2026-03-31 22:00:00,Optical Frame,Delhi_WH,331,88,139,280,280,150,OK
INV00743,2026-03-31 23:00:00,Sunglasses,Bangalore_WH,230,258,203,285,285,150,OK
INV00744,2026-04-01 00:00:00,Prescription Lens,Mumbai_WH,494,64,87,471,471,150,OK
INV00745,2026-04-01 01:00:00,Optical Frame,Mumbai_WH,235,260,83,412,412,150,OK
INV00746,2026-04-01 02:00:00,Prescription Lens,Delhi_WH,168,51,197,22,22,150,LOW
INV00747,2026-04-01 03:00:00,Prescription Lens,Bangalore_WH,454,211,217,448,448,150,OK
INV00748,2026-04-01 04:00:00,Contact Lens,Mumbai_WH,473,200,180,493,493,150,OK
INV00749,2026-04-01 05:00:00,Reading Glasses,Bangalore_WH,472,251,189,534,534,150,OK
INV00750,2026-04-01 06:00:00,Prescription Lens,Bangalore_WH,416,170,78,508,508,150,OK
INV00751,2026-04-01 07:00:00,Reading Glasses,Mumbai_WH,128,199,192,135,135,150,LOW
INV00752,2026-04-01 08:00:00,Optical Frame,Bangalore_WH,216,163,86,293,293,150,OK
INV00753,2026-04-01 09:00:00,Prescription Lens,Mumbai_WH,124,270,189,205,205,150,OK
INV00754,2026-04-01 10:00:00,Contact Lens,Delhi_WH,203,132,89,246,246,150,OK
INV00755,2026-04-01 11:00:00,Sunglasses,Mumbai_WH,349,240,252,337,337,150,OK
INV00756,2026-04-01 12:00:00,Contact Lens,Delhi_WH,255,202,120,337,337,150,OK
INV00757,2026-04-01 13:00:00,Reading Glasses,Bangalore_WH,153,252,217,188,188,150,OK
INV00758,2026-04-01 14:00:00,Prescription Lens,Bangalore_WH,140,167,235,72,72,150,LOW
INV00759,2026-04-01 15:00:00,Sunglasses,Mumbai_WH,205,272,167,310,310,150,OK
INV00760,2026-04-01 16:00:00,Sunglasses,Bangalore_WH,411,249,281,379,379,150,OK
INV00761,2026-04-01 17:00:00,Reading Glasses,Mumbai_WH,223,90,102,211,211,150,OK
INV00762,2026-04-01 18:00:00,Sunglasses,Mumbai_WH,107,246,144,209,209,150,OK
INV00763,2026-04-01 19:00:00,Reading Glasses,Delhi_WH,186,251,75,362,362,150,OK
INV00764,2026-04-01 20:00:00,Reading Glasses,Mumbai_WH,291,227,206,312,312,150,OK
INV00765,2026-04-01 21:00:00,Optical Frame,Bangalore_WH,229,118,138,209,209,150,OK
INV00766,2026-04-01 22:00:00,Reading Glasses,Bangalore_WH,135,150,250,35,35,150,LOW
INV00767,2026-04-01 23:00:00,Contact Lens,Bangalore_WH,238,178,254,162,162,150,OK
INV00768,2026-04-02 00:00:00,Contact Lens,Bangalore_WH,305,223,152,376,376,150,OK
INV00769,2026-04-02 01:00:00,Sunglasses,Bangalore_WH,347,156,276,227,227,150,OK
INV00770,2026-04-02 02:00:00,Reading Glasses,Bangalore_WH,302,213,55,460,460,150,OK
INV00771,2026-04-02 03:00:00,Contact Lens,Mumbai_WH,177,199,60,316,316,150,OK
INV00772,2026-04-02 04:00:00,Sunglasses,Delhi_WH,436,268,279,425,425,150,OK
INV00773,2026-04-02 05:00:00,Optical Frame,Delhi_WH,451,246,83,614,614,150,OK
INV00774,2026-04-02 06:00:00,Optical Frame,Bangalore_WH,351,281,88,544,544,150,OK
INV00775,2026-04-02 07:00:00,Sunglasses,Delhi_WH,404,179,287,296,296,150,OK
INV00776,2026-04-02 08:00:00,Contact Lens,Bangalore_WH,261,105,249,117,117,150,LOW
INV00777,2026-04-02 09:00:00,Optical Frame,Delhi_WH,318,152,225,245,245,150,OK
INV00778,2026-04-02 10:00:00,Prescription Lens,Delhi_WH,181,206,251,136,136,150,LOW
INV00779,2026-04-02 11:00:00,Sunglasses,Delhi_WH,380,242,177,445,445,150,OK
INV00780,2026-04-02 12:00:00,Contact Lens,Delhi_WH,334,115,148,301,301,150,OK
INV00781,2026-04-02 13:00:00,Optical Frame,Delhi_WH,488,124,67,545,545,150,OK
INV00782,2026-04-02 14:00:00,Reading Glasses,Bangalore_WH,295,172,260,207,207,150,OK
INV00783,2026-04-02 15:00:00,Contact Lens,Bangalore_WH,104,284,103,285,285,150,OK
INV00784,2026-04-02 16:00:00,Sunglasses,Bangalore_WH,276,122,203,195,195,150,OK
INV00785,2026-04-02 17:00:00,Optical Frame,Mumbai_WH,133,284,238,179,179,150,OK
INV00786,2026-04-02 18:00:00,Prescription Lens,Delhi_WH,157,176,275,58,58,150,LOW
INV00787,2026-04-02 19:00:00,Contact Lens,Delhi_WH,182,177,294,65,65,150,LOW
INV00788,2026-04-02 20:00:00,Optical Frame,Mumbai_WH,189,139,284,44,44,150,LOW
INV00789,2026-04-02 21:00:00,Sunglasses,Delhi_WH,414,88,93,409,409,150,OK
INV00790,2026-04-02 22:00:00,Reading Glasses,Delhi_WH,255,273,196,332,332,150,OK
INV00791,2026-04-02 23:00:00,Contact Lens,Mumbai_WH,438,187,282,343,343,150,OK
INV00792,2026-04-03 00:00:00,Contact Lens,Bangalore_WH,445,204,141,508,508,150,OK
INV00793,2026-04-03 01:00:00,Contact Lens,Mumbai_WH,117,65,134,48,48,150,LOW
INV00794,2026-04-03 02:00:00,Reading Glasses,Mumbai_WH,231,163,151,243,243,150,OK
INV00795,2026-04-03 03:00:00,Reading Glasses,Mumbai_WH,431,83,202,312,312,150,OK
INV00796,2026-04-03 04:00:00,Prescription Lens,Mumbai_WH,327,157,103,381,381,150,OK
INV00797,2026-04-03 05:00:00,Contact Lens,Bangalore_WH,156,183,212,127,127,150,LOW
INV00798,2026-04-03 06:00:00,Contact Lens,Mumbai_WH,467,210,239,438,438,150,OK
INV00799,2026-04-03 07:00:00,Contact Lens,Delhi_WH,490,66,65,491,491,150,OK
INV00800,2026-04-03 08:00:00,Sunglasses,Mumbai_WH,286,89,99,276,276,150,OK
INV00801,2026-04-03 09:00:00,Reading Glasses,Mumbai_WH,437,262,156,543,543,150,OK
INV00802,2026-04-03 10:00:00,Reading Glasses,Mumbai_WH,380,84,172,292,292,150,OK
INV00803,2026-04-03 11:00:00,Prescription Lens,Delhi_WH,491,257,244,504,504,150,OK
INV00804,2026-04-03 12:00:00,Optical Frame,Bangalore_WH,435,93,287,241,241,150,OK
INV00805,2026-04-03 13:00:00,Reading Glasses,Bangalore_WH,290,244,240,294,294,150,OK
INV00806,2026-04-03 14:00:00,Optical Frame,Bangalore_WH,490,106,113,483,483,150,OK
INV00807,2026-04-03 15:00:00,Sunglasses,Mumbai_WH,227,130,284,73,73,150,LOW
INV00808,2026-04-03 16:00:00,Reading Glasses,Mumbai_WH,300,150,170,280,280,150,OK
INV00809,2026-04-03 17:00:00,Reading Glasses,Delhi_WH,163,221,286,98,98,150,LOW
INV00810,2026-04-03 18:00:00,Optical Frame,Bangalore_WH,341,162,263,240,240,150,OK
INV00811,2026-04-03 19:00:00,Contact Lens,Mumbai_WH,257,196,74,379,379,150,OK
INV00812,2026-04-03 20:00:00,Optical Frame,Mumbai_WH,496,102,146,452,452,150,OK
INV00813,2026-04-03 21:00:00,Prescription Lens,Delhi_WH,459,179,82,556,556,150,OK
INV00814,2026-04-03 22:00:00,Prescription Lens,Mumbai_WH,432,214,216,430,430,150,OK
INV00815,2026-04-03 23:00:00,Sunglasses,Bangalore_WH,443,69,227,285,285,150,OK
INV00816,2026-04-04 00:00:00,Prescription Lens,Bangalore_WH,135,198,255,78,78,150,LOW
INV00817,2026-04-04 01:00:00,Reading Glasses,Bangalore_WH,208,205,228,185,185,150,OK
INV00818,2026-04-04 02:00:00,Contact Lens,Bangalore_WH,438,176,76,538,538,150,OK
INV00819,2026-04-04 03:00:00,Reading Glasses,Bangalore_WH,278,81,147,212,212,150,OK
INV00820,2026-04-04 04:00:00,Optical Frame,Delhi_WH,496,186,121,561,561,150,OK
INV00821,2026-04-04 05:00:00,Prescription Lens,Bangalore_WH,460,151,218,393,393,150,OK
INV00822,2026-04-04 06:00:00,Reading Glasses,Mumbai_WH,139,220,123,236,236,150,OK
INV00823,2026-04-04 07:00:00,Contact Lens,Delhi_WH,401,228,166,463,463,150,OK
INV00824,2026-04-04 08:00:00,Optical Frame,Delhi_WH,370,66,169,267,267,150,OK
INV00825,2026-04-04 09:00:00,Reading Glasses,Bangalore_WH,412,85,95,402,402,150,OK
INV00826,2026-04-04 10:00:00,Prescription Lens,Delhi_WH,203,129,299,33,33,150,LOW
INV00827,2026-04-04 11:00:00,Optical Frame,Delhi_WH,247,286,225,308,308,150,OK
INV00828,2026-04-04 12:00:00,Sunglasses,Mumbai_WH,459,132,237,354,354,150,OK
INV00829,2026-04-04 13:00:00,Optical Frame,Bangalore_WH,305,149,124,330,330,150,OK
INV00830,2026-04-04 14:00:00,Reading Glasses,Delhi_WH,340,192,95,437,437,150,OK
INV00831,2026-04-04 15:00:00,Contact Lens,Mumbai_WH,196,271,104,363,363,150,OK
INV00832,2026-04-04 16:00:00,Prescription Lens,Mumbai_WH,199,204,238,165,165,150,OK
INV00833,2026-04-04 17:00:00,Prescription Lens,Delhi_WH,441,80,85,436,436,150,OK
INV00834,2026-04-04 18:00:00,Reading Glasses,Mumbai_WH,487,223,254,456,456,150,OK
INV00835,2026-04-04 19:00:00,Sunglasses,Delhi_WH,256,274,50,480,480,150,OK
INV00836,2026-04-04 20:00:00,Optical Frame,Delhi_WH,224,247,245,226,226,150,OK
INV00837,2026-04-04 21:00:00,Prescription Lens,Delhi_WH,247,83,263,67,67,150,LOW
INV00838,2026-04-04 22:00:00,Contact Lens,Mumbai_WH,492,288,281,499,499,150,OK
INV00839,2026-04-04 23:00:00,Contact Lens,Mumbai_WH,464,199,296,367,367,150,OK
INV00840,2026-04-05 00:00:00,Sunglasses,Bangalore_WH,317,200,285,232,232,150,OK
INV00841,2026-04-05 01:00:00,Reading Glasses,Bangalore_WH,273,97,149,221,221,150,OK
INV00842,2026-04-05 02:00:00,Prescription Lens,Bangalore_WH,108,54,278,-116,-116,150,LOW
INV00843,2026-04-05 03:00:00,Optical Frame,Bangalore_WH,106,297,231,172,172,150,OK
INV00844,2026-04-05 04:00:00,Prescription Lens,Mumbai_WH,359,209,121,447,447,150,OK
INV00845,2026-04-05 05:00:00,Contact Lens,Bangalore_WH,197,272,109,360,360,150,OK
INV00846,2026-04-05 06:00:00,Reading Glasses,Mumbai_WH,282,132,155,259,259,150,OK
INV00847,2026-04-05 07:00:00,Reading Glasses,Mumbai_WH,427,229,161,495,495,150,OK
INV00848,2026-04-05 08:00:00,Optical Frame,Bangalore_WH,274,134,175,233,233,150,OK
INV00849,2026-04-05 09:00:00,Contact Lens,Mumbai_WH,391,192,228,355,355,150,OK
INV00850,2026-04-05 10:00:00,Prescription Lens,Delhi_WH,342,159,110,391,391,150,OK
INV00851,2026-04-05 11:00:00,Prescription Lens,Delhi_WH,184,273,266,191,191,150,OK
INV00852,2026-04-05 12:00:00,Contact Lens,Bangalore_WH,264,86,219,131,131,150,LOW
INV00853,2026-04-05 13:00:00,Sunglasses,Delhi_WH,283,61,147,197,197,150,OK
INV00854,2026-04-05 14:00:00,Reading Glasses,Delhi_WH,140,205,197,148,148,150,LOW
INV00855,2026-04-05 15:00:00,Prescription Lens,Bangalore_WH,175,247,276,146,146,150,LOW
INV00856,2026-04-05 16:00:00,Prescription Lens,Delhi_WH,187,118,267,38,38,150,LOW
INV00857,2026-04-05 17:00:00,Contact Lens,Mumbai_WH,117,165,178,104,104,150,LOW
INV00858,2026-04-05 18:00:00,Reading Glasses,Bangalore_WH,255,106,187,174,174,150,OK
INV00859,2026-04-05 19:00:00,Sunglasses,Mumbai_WH,297,175,106,366,366,150,OK
INV00860,2026-04-05 20:00:00,Reading Glasses,Mumbai_WH,307,286,208,385,385,150,OK
INV00861,2026-04-05 21:00:00,Optical Frame,Mumbai_WH,399,278,278,399,399,150,OK
INV00862,2026-04-05 22:00:00,Sunglasses,Mumbai_WH,441,114,151,404,404,150,OK
INV00863,2026-04-05 23:00:00,Sunglasses,Mumbai_WH,482,100,244,338,338,150,OK
INV00864,2026-04-06 00:00:00,Optical Frame,Mumbai_WH,354,287,158,483,483,150,OK
INV00865,2026-04-06 01:00:00,Sunglasses,Delhi_WH,280,159,282,157,157,150,OK
INV00866,2026-04-06 02:00:00,Reading Glasses,Delhi_WH,349,157,272,234,234,150,OK
INV00867,2026-04-06 03:00:00,Reading Glasses,Mumbai_WH,329,190,230,289,289,150,OK
INV00868,2026-04-06 04:00:00,Sunglasses,Bangalore_WH,226,123,282,67,67,150,LOW
INV00869,2026-04-06 05:00:00,Reading Glasses,Bangalore_WH,236,246,122,360,360,150,OK
INV00870,2026-04-06 06:00:00,Prescription Lens,Delhi_WH,201,187,126,262,262,150,OK
INV00871,2026-04-06 07:00:00,Optical Frame,Mumbai_WH,182,97,190,89,89,150,LOW
INV00872,2026-04-06 08:00:00,Contact Lens,Mumbai_WH,221,262,76,407,407,150,OK
INV00873,2026-04-06 09:00:00,Reading Glasses,Mumbai_WH,164,192,162,194,194,150,OK
INV00874,2026-04-06 10:00:00,Optical Frame,Mumbai_WH,490,227,143,574,574,150,OK
INV00875,2026-04-06 11:00:00,Reading Glasses,Delhi_WH,288,225,273,240,240,150,OK
INV00876,2026-04-06 12:00:00,Contact Lens,Mumbai_WH,483,207,130,560,560,150,OK
INV00877,2026-04-06 13:00:00,Reading Glasses,Mumbai_WH,280,137,137,280,280,150,OK
INV00878,2026-04-06 14:00:00,Reading Glasses,Delhi_WH,265,279,214,330,330,150,OK
INV00879,2026-04-06 15:00:00,Prescription Lens,Delhi_WH,165,170,215,120,120,150,LOW
INV00880,2026-04-06 16:00:00,Contact Lens,Mumbai_WH,328,267,165,430,430,150,OK
INV00881,2026-04-06 17:00:00,Optical Frame,Delhi_WH,102,67,188,-19,-19,150,LOW
INV00882,2026-04-06 18:00:00,Prescription Lens,Bangalore_WH,413,287,210,490,490,150,OK
INV00883,2026-04-06 19:00:00,Optical Frame,Delhi_WH,495,221,88,628,628,150,OK
INV00884,2026-04-06 20:00:00,Optical Frame,Mumbai_WH,188,151,262,77,77,150,LOW
INV00885,2026-04-06 21:00:00,Optical Frame,Bangalore_WH,130,294,267,157,157,150,OK
INV00886,2026-04-06 22:00:00,Prescription Lens,Bangalore_WH,395,205,272,328,328,150,OK
INV00887,2026-04-06 23:00:00,Reading Glasses,Delhi_WH,235,299,118,416,416,150,OK
INV00888,2026-04-07 00:00:00,Sunglasses,Mumbai_WH,158,148,130,176,176,150,OK
INV00889,2026-04-07 01:00:00,Optical Frame,Delhi_WH,173,62,125,110,110,150,LOW
INV00890,2026-04-07 02:00:00,Optical Frame,Mumbai_WH,411,71,88,394,394,150,OK
INV00891,2026-04-07 03:00:00,Sunglasses,Mumbai_WH,249,70,116,203,203,150,OK
INV00892,2026-04-07 04:00:00,Reading Glasses,Mumbai_WH,220,135,278,77,77,150,LOW
INV00893,2026-04-07 05:00:00,Optical Frame,Bangalore_WH,494,66,123,437,437,150,OK
INV00894,2026-04-07 06:00:00,Reading Glasses,Delhi_WH,320,69,67,322,322,150,OK
INV00895,2026-04-07 07:00:00,Contact Lens,Mumbai_WH,151,216,88,279,279,150,OK
INV00896,2026-04-07 08:00:00,Contact Lens,Bangalore_WH,398,244,179,463,463,150,OK
INV00897,2026-04-07 09:00:00,Contact Lens,Mumbai_WH,172,233,213,192,192,150,OK
INV00898,2026-04-07 10:00:00,Reading Glasses,Bangalore_WH,280,163,182,261,261,150,OK
INV00899,2026-04-07 11:00:00,Optical Frame,Mumbai_WH,118,223,243,98,98,150,LOW
INV00900,2026-04-07 12:00:00,Reading Glasses,Mumbai_WH,484,83,94,473,473,150,OK
INV00901,2026-04-07 13:00:00,Optical Frame,Delhi_WH,483,77,284,276,276,150,OK
INV00902,2026-04-07 14:00:00,Prescription Lens,Mumbai_WH,317,198,172,343,343,150,OK
INV00903,2026-04-07 15:00:00,Contact Lens,Delhi_WH,135,262,251,146,146,150,LOW
INV00904,2026-04-07 16:00:00,Sunglasses,Mumbai_WH,488,254,227,515,515,150,OK
INV00905,2026-04-07 17:00:00,Prescription Lens,Bangalore_WH,279,177,205,251,251,150,OK
INV00906,2026-04-07 18:00:00,Reading Glasses,Delhi_WH,480,201,121,560,560,150,OK
INV00907,2026-04-07 19:00:00,Sunglasses,Delhi_WH,180,294,56,418,418,150,OK
INV00908,2026-04-07 20:00:00,Optical Frame,Bangalore_WH,276,61,163,174,174,150,OK
INV00909,2026-04-07 21:00:00,Sunglasses,Delhi_WH,399,233,53,579,579,150,OK
INV00910,2026-04-07 22:00:00,Sunglasses,Delhi_WH,418,87,214,291,291,150,OK
INV00911,2026-04-07 23:00:00,Sunglasses,Delhi_WH,152,200,296,56,56,150,LOW
INV00912,2026-04-08 00:00:00,Sunglasses,Delhi_WH,466,199,214,451,451,150,OK
INV00913,2026-04-08 01:00:00,Optical Frame,Bangalore_WH,489,110,138,461,461,150,OK
INV00914,2026-04-08 02:00:00,Contact Lens,Bangalore_WH,377,162,199,340,340,150,OK
INV00915,2026-04-08 03:00:00,Sunglasses,Bangalore_WH,178,279,167,290,290,150,OK
INV00916,2026-04-08 04:00:00,Sunglasses,Delhi_WH,329,262,98,493,493,150,OK
INV00917,2026-04-08 05:00:00,Reading Glasses,Bangalore_WH,247,155,131,271,271,150,OK
INV00918,2026-04-08 06:00:00,Sunglasses,Delhi_WH,280,276,107,449,449,150,OK
INV00919,2026-04-08 07:00:00,Reading Glasses,Delhi_WH,414,116,290,240,240,150,OK
INV00920,2026-04-08 08:00:00,Sunglasses,Bangalore_WH,214,241,221,234,234,150,OK
INV00921,2026-04-08 09:00:00,Reading Glasses,Bangalore_WH,323,248,244,327,327,150,OK
INV00922,2026-04-08 10:00:00,Prescription Lens,Mumbai_WH,366,214,283,297,297,150,OK
INV00923,2026-04-08 11:00:00,Sunglasses,Delhi_WH,494,207,214,487,487,150,OK
INV00924,2026-04-08 12:00:00,Optical Frame,Bangalore_WH,448,157,282,323,323,150,OK
INV00925,2026-04-08 13:00:00,Prescription Lens,Delhi_WH,478,219,204,493,493,150,OK
INV00926,2026-04-08 14:00:00,Prescription Lens,Delhi_WH,490,91,185,396,396,150,OK
INV00927,2026-04-08 15:00:00,Reading Glasses,Mumbai_WH,364,209,84,489,489,150,OK
INV00928,2026-04-08 16:00:00,Contact Lens,Mumbai_WH,140,153,272,21,21,150,LOW
INV00929,2026-04-08 17:00:00,Reading Glasses,Delhi_WH,195,182,247,130,130,150,LOW
INV00930,2026-04-08 18:00:00,Optical Frame,Delhi_WH,227,150,251,126,126,150,LOW
INV00931,2026-04-08 19:00:00,Optical Frame,Delhi_WH,353,242,74,521,521,150,OK
INV00932,2026-04-08 20:00:00,Contact Lens,Mumbai_WH,441,253,113,581,581,150,OK
INV00933,2026-04-08 21:00:00,Sunglasses,Mumbai_WH,411,119,234,296,296,150,OK
INV00934,2026-04-08 22:00:00,Sunglasses,Mumbai_WH,439,284,230,493,493,150,OK
INV00935,2026-04-08 23:00:00,Contact Lens,Delhi_WH,204,94,200,98,98,150,LOW
INV00936,2026-04-09 00:00:00,Optical Frame,Bangalore_WH,453,277,273,457,457,150,OK
INV00937,2026-04-09 01:00:00,Optical Frame,Delhi_WH,492,59,80,471,471,150,OK
INV00938,2026-04-09 02:00:00,Contact Lens,Delhi_WH,226,266,79,413,413,150,OK
INV00939,2026-04-09 03:00:00,Reading Glasses,Bangalore_WH,497,151,161,487,487,150,OK
INV00940,2026-04-09 04:00:00,Sunglasses,Mumbai_WH,368,295,284,379,379,150,OK
INV00941,2026-04-09 05:00:00,Reading Glasses,Delhi_WH,191,140,91,240,240,150,OK
INV00942,2026-04-09 06:00:00,Contact Lens,Mumbai_WH,355,273,186,442,442,150,OK
INV00943,2026-04-09 07:00:00,Sunglasses,Mumbai_WH,355,87,203,239,239,150,OK
INV00944,2026-04-09 08:00:00,Contact Lens,Mumbai_WH,349,153,244,258,258,150,OK
INV00945,2026-04-09 09:00:00,Sunglasses,Mumbai_WH,283,169,266,186,186,150,OK
INV00946,2026-04-09 10:00:00,Prescription Lens,Bangalore_WH,322,132,212,242,242,150,OK
INV00947,2026-04-09 11:00:00,Prescription Lens,Mumbai_WH,464,68,117,415,415,150,OK
INV00948,2026-04-09 12:00:00,Contact Lens,Delhi_WH,360,77,121,316,316,150,OK
INV00949,2026-04-09 13:00:00,Reading Glasses,Delhi_WH,183,281,296,168,168,150,OK
INV00950,2026-04-09 14:00:00,Optical Frame,Mumbai_WH,355,170,228,297,297,150,OK
INV00951,2026-04-09 15:00:00,Contact Lens,Mumbai_WH,449,152,208,393,393,150,OK
INV00952,2026-04-09 16:00:00,Contact Lens,Delhi_WH,235,218,119,334,334,150,OK
INV00953,2026-04-09 17:00:00,Optical Frame,Mumbai_WH,248,131,198,181,181,150,OK
INV00954,2026-04-09 18:00:00,Contact Lens,Delhi_WH,307,226,89,444,444,150,OK
INV00955,2026-04-09 19:00:00,Prescription Lens,Bangalore_WH,419,58,92,385,385,150,OK
INV00956,2026-04-09 20:00:00,Optical Frame,Bangalore_WH,254,105,273,86,86,150,LOW
INV00957,2026-04-09 21:00:00,Sunglasses,Bangalore_WH,397,167,225,339,339,150,OK
INV00958,2026-04-09 22:00:00,Prescription Lens,Mumbai_WH,375,81,269,187,187,150,OK
INV00959,2026-04-09 23:00:00,Optical Frame,Bangalore_WH,329,119,279,169,169,150,OK
INV00960,2026-04-10 00:00:00,Reading Glasses,Mumbai_WH,195,51,190,56,56,150,LOW
INV00961,2026-04-10 01:00:00,Reading Glasses,Delhi_WH,406,111,117,400,400,150,OK
INV00962,2026-04-10 02:00:00,Sunglasses,Bangalore_WH,490,53,89,454,454,150,OK
INV00963,2026-04-10 03:00:00,Prescription Lens,Mumbai_WH,110,299,109,300,300,150,OK
INV00964,2026-04-10 04:00:00,Sunglasses,Bangalore_WH,139,285,252,172,172,150,OK
INV00965,2026-04-10 05:00:00,Contact Lens,Mumbai_WH,261,251,260,252,252,150,OK
INV00966,2026-04-10 06:00:00,Reading Glasses,Mumbai_WH,127,275,177,225,225,150,OK
INV00967,2026-04-10 07:00:00,Optical Frame,Mumbai_WH,421,215,143,493,493,150,OK
INV00968,2026-04-10 08:00:00,Reading Glasses,Mumbai_WH,345,108,263,190,190,150,OK
INV00969,2026-04-10 09:00:00,Optical Frame,Mumbai_WH,135,139,260,14,14,150,LOW
INV00970,2026-04-10 10:00:00,Contact Lens,Mumbai_WH,220,57,207,70,70,150,LOW
INV00971,2026-04-10 11:00:00,Sunglasses,Delhi_WH,196,233,122,307,307,150,OK
INV00972,2026-04-10 12:00:00,Contact Lens,Mumbai_WH,285,206,77,414,414,150,OK
INV00973,2026-04-10 13:00:00,Contact Lens,Mumbai_WH,211,96,284,23,23,150,LOW
INV00974,2026-04-10 14:00:00,Prescription Lens,Bangalore_WH,229,193,233,189,189,150,OK
INV00975,2026-04-10 15:00:00,Reading Glasses,Delhi_WH,107,166,243,30,30,150,LOW
INV00976,2026-04-10 16:00:00,Optical Frame,Bangalore_WH,485,77,69,493,493,150,OK
INV00977,2026-04-10 17:00:00,Reading Glasses,Bangalore_WH,217,62,233,46,46,150,LOW
INV00978,2026-04-10 18:00:00,Optical Frame,Bangalore_WH,199,106,297,8,8,150,LOW
INV00979,2026-04-10 19:00:00,Optical Frame,Delhi_WH,454,222,114,562,562,150,OK
INV00980,2026-04-10 20:00:00,Reading Glasses,Bangalore_WH,418,198,151,465,465,150,OK
INV00981,2026-04-10 21:00:00,Prescription Lens,Bangalore_WH,376,82,75,383,383,150,OK
INV00982,2026-04-10 22:00:00,Reading Glasses,Bangalore_WH,315,174,244,245,245,150,OK
INV00983,2026-04-10 23:00:00,Prescription Lens,Mumbai_WH,318,90,80,328,328,150,OK
INV00984,2026-04-11 00:00:00,Contact Lens,Bangalore_WH,298,108,223,183,183,150,OK
INV00985,2026-04-11 01:00:00,Reading Glasses,Delhi_WH,364,81,93,352,352,150,OK
INV00986,2026-04-11 02:00:00,Sunglasses,Mumbai_WH,192,100,77,215,215,150,OK
INV00987,2026-04-11 03:00:00,Contact Lens,Mumbai_WH,122,269,131,260,260,150,OK
INV00988,2026-04-11 04:00:00,Sunglasses,Delhi_WH,211,176,84,303,303,150,OK
INV00989,2026-04-11 05:00:00,Prescription Lens,Delhi_WH,402,81,217,266,266,150,OK
INV00990,2026-04-11 06:00:00,Reading Glasses,Bangalore_WH,147,163,125,185,185,150,OK
INV00991,2026-04-11 07:00:00,Optical Frame,Mumbai_WH,479,153,187,445,445,150,OK
INV00992,2026-04-11 08:00:00,Reading Glasses,Bangalore_WH,173,239,198,214,214,150,OK
INV00993,2026-04-11 09:00:00,Contact Lens,Delhi_WH,271,183,240,214,214,150,OK
INV00994,2026-04-11 10:00:00,Reading Glasses,Delhi_WH,387,110,54,443,443,150,OK
INV00995,2026-04-11 11:00:00,Reading Glasses,Delhi_WH,246,93,238,101,101,150,LOW
INV00996,2026-04-11 12:00:00,Contact Lens,Mumbai_WH,125,293,71,347,347,150,OK
INV00997,2026-04-11 13:00:00,Contact Lens,Mumbai_WH,249,184,202,231,231,150,OK
INV00998,2026-04-11 14:00:00,Contact Lens,Mumbai_WH,482,72,197,357,357,150,OK
INV00999,2026-04-11 15:00:00,Reading Glasses,Bangalore_WH,227,150,274,103,103,150,LOW
