quality_id,date,product_id,batch_id,defects_count,defect_type,defect_rate,tested,pass_rate
Q00000,2026-03-01 00:00:00,Contact Lens,B00000,0,Frame Bend,0.0,100,1.0
Q00001,2026-03-01 01:00:00,Contact Lens,B00001,14,Scratch on Lens,0.14,100,0.86
Q00002,2026-03-01 02:00:00,Optical Frame,B00002,12,Scratch on Lens,0.12,100,0.88
Q00003,2026-03-01 03:00:00,Reading Glasses,B00003,13,Coating Issue,0.13,100,0.87
Q00004,2026-03-01 04:00:00,Reading Glasses,B00004,10,Coating Issue,0.1,100,0.9
Q00005,2026-03-01 05:00:00,Contact Lens,B00005,13,Frame Bend,0.13,100,0.87
Q00006,2026-03-01 06:00:00,Prescription Lens,B00006,2,Coating Issue,0.02,100,0.98
Q00007,2026-03-01 07:00:00,Sunglasses,B00007,12,Scratch on Lens,0.12,100,0.88
Q00008,2026-03-01 08:00:00,Prescription Lens,B00008,10,Coating Issue,0.1,100,0.9
Q00009,2026-03-01 09:00:00,Contact Lens,B00009,17,Blur Defect,0.17,100,0.83
Q00010,2026-03-01 10:00:00,Optical Frame,B00010,18,Frame Bend,0.18,100,0.82
Q00011,2026-03-01 11:00:00,Optical Frame,B00011,12,Scratch on Lens,0.12,100,0.88
Q00012,2026-03-01 12:00:00,Reading Glasses,B00012,18,Scratch on Lens,0.18,100,0.82
Q00013,2026-03-01 13:00:00,Contact Lens,B00013,5,Scratch on Lens,0.05,100,0.95
Q00014,2026-03-01 14:00:00,Prescription Lens,B00014,9,Blur Defect,0.09,100,0.91
Q00015,2026-03-01 15:00:00,Contact Lens,B00015,8,Blur Defect,0.08,100,0.92
Q00016,2026-03-01 16:00:00,Reading Glasses,B00016,18,Blur Defect,0.18,100,0.82
Q00017,2026-03-01 17:00:00,Optical Frame,B00017,3,Frame Bend,0.03,100,0.97
Q00018,2026-03-01 18:00:00,Optical Frame,B00018,16,Scratch on Lens,0.16,100,0.84
Q00019,2026-03-01 19:00:00,Contact Lens,B00019,7,Coating Issue,0.07,100,0.93
Q00020,2026-03-01 20:00:00,Sunglasses,B00020,16,Blur Defect,0.16,100,0.84
Q00021,2026-03-01 21:00:00,Reading Glasses,B00021,4,Scratch on Lens,0.04,100,0.96
Q00022,2026-03-01 22:00:00,Prescription Lens,B00022,10,Frame Bend,0.1,100,0.9
Q00023,2026-03-01 23:00:00,Optical Frame,B00023,4,Blur Defect,0.04,100,0.96
Q00024,2026-03-02 00:00:00,Sunglasses,B00024,12,Blur Defect,0.12,100,0.88
Q00025,2026-03-02 01:00:00,Prescription Lens,B00025,9,Blur Defect,0.09,100,0.91
Q00026,2026-03-02 02:00:00,Reading Glasses,B00026,9,Blur Defect,0.09,100,0.91
Q00027,2026-03-02 03:00:00,Prescription Lens,B00027,16,Scratch on Lens,0.16,100,0.84
Q00028,2026-03-02 04:00:00,Optical Frame,B00028,4,Blur Defect,0.04,100,0.96
Q00029,2026-03-02 05:00:00,Sunglasses,B00029,0,Scratch on Lens,0.0,100,1.0
Q00030,2026-03-02 06:00:00,Reading Glasses,B00030,11,Frame Bend,0.11,100,0.89
Q00031,2026-03-02 07:00:00,Sunglasses,B00031,11,Frame Bend,0.11,100,0.89
Q00032,2026-03-02 08:00:00,Optical Frame,B00032,16,Coating Issue,0.16,100,0.84
Q00033,2026-03-02 09:00:00,Contact Lens,B00033,18,Coating Issue,0.18,100,0.82
Q00034,2026-03-02 10:00:00,Reading Glasses,B00034,15,Scratch on Lens,0.15,100,0.85
Q00035,2026-03-02 11:00:00,Prescription Lens,B00035,7,Frame Bend,0.07,100,0.93
Q00036,2026-03-02 12:00:00,Prescription Lens,B00036,9,Coating Issue,0.09,100,0.91
Q00037,2026-03-02 13:00:00,Optical Frame,B00037,10,Blur Defect,0.1,100,0.9
Q00038,2026-03-02 14:00:00,Optical Frame,B00038,7,Blur Defect,0.07,100,0.93
Q00039,2026-03-02 15:00:00,Prescription Lens,B00039,19,Blur Defect,0.19,100,0.81
Q00040,2026-03-02 16:00:00,Contact Lens,B00040,12,Coating Issue,0.12,100,0.88
Q00041,2026-03-02 17:00:00,Prescription Lens,B00041,13,Blur Defect,0.13,100,0.87
Q00042,2026-03-02 18:00:00,Prescription Lens,B00042,14,Scratch on Lens,0.14,100,0.86
Q00043,2026-03-02 19:00:00,Optical Frame,B00043,19,Coating Issue,0.19,100,0.81
Q00044,2026-03-02 20:00:00,Prescription Lens,B00044,16,Scratch on Lens,0.16,100,0.84
Q00045,2026-03-02 21:00:00,Contact Lens,B00045,1,Scratch on Lens,0.01,100,0.99
Q00046,2026-03-02 22:00:00,Optical Frame,B00046,14,Frame Bend,0.14,100,0.86
Q00047,2026-03-02 23:00:00,Reading Glasses,B00047,8,Frame Bend,0.08,100,0.92
Q00048,2026-03-03 00:00:00,Contact Lens,B00048,13,Scratch on Lens,0.13,100,0.87
Q00049,2026-03-03 01:00:00,Contact Lens,B00049,7,Frame Bend,0.07,100,0.93
Q00050,2026-03-03 02:00:00,Optical Frame,B00050,10,Scratch on Lens,0.1,100,0.9
Q00051,2026-03-03 03:00:00,Sunglasses,B00051,13,Coating Issue,0.13,100,0.87
Q00052,2026-03-03 04:00:00,Sunglasses,B00052,16,Coating Issue,0.16,100,0.84
Q00053,2026-03-03 05:00:00,Reading Glasses,B00053,18,Scratch on Lens,0.18,100,0.82
Q00054,2026-03-03 06:00:00,Reading Glasses,B00054,4,Scratch on Lens,0.04,100,0.96
Q00055,2026-03-03 07:00:00,Sunglasses,B00055,7,Coating Issue,0.07,100,0.93
Q00056,2026-03-03 08:00:00,Reading Glasses,B00056,12,Coating Issue,0.12,100,0.88
Q00057,2026-03-03 09:00:00,Sunglasses,B00057,16,Frame Bend,0.16,100,0.84
Q00058,2026-03-03 10:00:00,Optical Frame,B00058,18,Scratch on Lens,0.18,100,0.82
Q00059,2026-03-03 11:00:00,Reading Glasses,B00059,0,Coating Issue,0.0,100,1.0
Q00060,2026-03-03 12:00:00,Prescription Lens,B00060,12,Frame Bend,0.12,100,0.88
Q00061,2026-03-03 13:00:00,Reading Glasses,B00061,10,Frame Bend,0.1,100,0.9
Q00062,2026-03-03 14:00:00,Prescription Lens,B00062,6,Coating Issue,0.06,100,0.94
Q00063,2026-03-03 15:00:00,Contact Lens,B00063,3,Blur Defect,0.03,100,0.97
Q00064,2026-03-03 16:00:00,Contact Lens,B00064,5,Coating Issue,0.05,100,0.95
Q00065,2026-03-03 17:00:00,Optical Frame,B00065,9,Coating Issue,0.09,100,0.91
Q00066,2026-03-03 18:00:00,Optical Frame,B00066,6,Frame Bend,0.06,100,0.94
Q00067,2026-03-03 19:00:00,Contact Lens,B00067,15,Blur Defect,0.15,100,0.85
Q00068,2026-03-03 20:00:00,Prescription Lens,B00068,5,Frame Bend,0.05,100,0.95
Q00069,2026-03-03 21:00:00,Sunglasses,B00069,2,Scratch on Lens,0.02,100,0.98
Q00070,2026-03-03 22:00:00,Optical Frame,B00070,6,Frame Bend,0.06,100,0.94
Q00071,2026-03-03 23:00:00,Prescription Lens,B00071,3,Coating Issue,0.03,100,0.97
Q00072,2026-03-04 00:00:00,Sunglasses,B00072,10,Frame Bend,0.1,100,0.9
Q00073,2026-03-04 01:00:00,Prescription Lens,B00073,15,Scratch on Lens,0.15,100,0.85
Q00074,2026-03-04 02:00:00,Contact Lens,B00074,8,Blur Defect,0.08,100,0.92
Q00075,2026-03-04 03:00:00,Sunglasses,B00075,13,Blur Defect,0.13,100,0.87
Q00076,2026-03-04 04:00:00,Contact Lens,B00076,17,Scratch on Lens,0.17,100,0.83
Q00077,2026-03-04 05:00:00,Sunglasses,B00077,12,Coating Issue,0.12,100,0.88
Q00078,2026-03-04 06:00:00,Reading Glasses,B00078,18,Coating Issue,0.18,100,0.82
Q00079,2026-03-04 07:00:00,Reading Glasses,B00079,17,Blur Defect,0.17,100,0.83
Q00080,2026-03-04 08:00:00,Optical Frame,B00080,1,Scratch on Lens,0.01,100,0.99
Q00081,2026-03-04 09:00:00,Reading Glasses,B00081,3,Coating Issue,0.03,100,0.97
Q00082,2026-03-04 10:00:00,Optical Frame,B00082,11,Frame Bend,0.11,100,0.89
Q00083,2026-03-04 11:00:00,Contact Lens,B00083,12,Blur Defect,0.12,100,0.88
Q00084,2026-03-04 12:00:00,Sunglasses,B00084,5,Blur Defect,0.05,100,0.95
Q00085,2026-03-04 13:00:00,Prescription Lens,B00085,13,Coating Issue,0.13,100,0.87
Q00086,2026-03-04 14:00:00,Prescription Lens,B00086,2,Scratch on Lens,0.02,100,0.98
Q00087,2026-03-04 15:00:00,Optical Frame,B00087,1,Scratch on Lens,0.01,100,0.99
Q00088,2026-03-04 16:00:00,Contact Lens,B00088,11,Scratch on Lens,0.11,100,0.89
Q00089,2026-03-04 17:00:00,Reading Glasses,B00089,4,Blur Defect,0.04,100,0.96
Q00090,2026-03-04 18:00:00,Optical Frame,B00090,11,Scratch on Lens,0.11,100,0.89
Q00091,2026-03-04 19:00:00,Reading Glasses,B00091,9,Blur Defect,0.09,100,0.91
Q00092,2026-03-04 20:00:00,Reading Glasses,B00092,5,Coating Issue,0.05,100,0.95
Q00093,2026-03-04 21:00:00,Prescription Lens,B00093,5,Scratch on Lens,0.05,100,0.95
Q00094,2026-03-04 22:00:00,Prescription Lens,B00094,6,Blur Defect,0.06,100,0.94
Q00095,2026-03-04 23:00:00,Reading Glasses,B00095,2,Coating Issue,0.02,100,0.98
Q00096,2026-03-05 00:00:00,Contact Lens,B00096,0,Scratch on Lens,0.0,100,1.0
Q00097,2026-03-05 01:00:00,Prescription Lens,B00097,14,Coating Issue,0.14,100,0.86
Q00098,2026-03-05 02:00:00,Reading Glasses,B00098,7,Coating Issue,0.07,100,0.93
Q00099,2026-03-05 03:00:00,Contact Lens,B00099,13,Frame Bend,0.13,100,0.87
Q00100,2026-03-05 04:00:00,Contact Lens,B00100,6,Frame Bend,0.06,100,0.94
Q00101,2026-03-05 05:00:00,Reading Glasses,B00101,13,Coating Issue,0.13,100,0.87
Q00102,2026-03-05 06:00:00,Optical Frame,B00102,8,Scratch on Lens,0.08,100,0.92
Q00103,2026-03-05 07:00:00,Optical Frame,B00103,14,Coating Issue,0.14,100,0.86
Q00104,2026-03-05 08:00:00,Reading Glasses,B00104,2,Coating Issue,0.02,100,0.98
Q00105,2026-03-05 09:00:00,Optical Frame,B00105,6,Coating Issue,0.06,100,0.94
Q00106,2026-03-05 10:00:00,Sunglasses,B00106,0,Scratch on Lens,0.0,100,1.0
Q00107,2026-03-05 11:00:00,Prescription Lens,B00107,4,Frame Bend,0.04,100,0.96
Q00108,2026-03-05 12:00:00,Sunglasses,B00108,7,Frame Bend,0.07,100,0.93
Q00109,2026-03-05 13:00:00,Reading Glasses,B00109,18,Coating Issue,0.18,100,0.82
Q00110,2026-03-05 14:00:00,Optical Frame,B00110,11,Frame Bend,0.11,100,0.89
Q00111,2026-03-05 15:00:00,Contact Lens,B00111,19,Frame Bend,0.19,100,0.81
Q00112,2026-03-05 16:00:00,Reading Glasses,B00112,6,Frame Bend,0.06,100,0.94
Q00113,2026-03-05 17:00:00,Prescription Lens,B00113,9,Blur Defect,0.09,100,0.91
Q00114,2026-03-05 18:00:00,Prescription Lens,B00114,19,Frame Bend,0.19,100,0.81
Q00115,2026-03-05 19:00:00,Contact Lens,B00115,3,Frame Bend,0.03,100,0.97
Q00116,2026-03-05 20:00:00,Contact Lens,B00116,15,Blur Defect,0.15,100,0.85
Q00117,2026-03-05 21:00:00,Sunglasses,B00117,4,Scratch on Lens,0.04,100,0.96
Q00118,2026-03-05 22:00:00,Optical Frame,B00118,11,Blur Defect,0.11,100,0.89
Q00119,2026-03-05 23:00:00,Contact Lens,B00119,3,Frame Bend,0.03,100,0.97
Q00120,2026-03-06 00:00:00,Contact Lens,B00120,9,Scratch on Lens,0.09,100,0.91
Q00121,2026-03-06 01:00:00,Contact Lens,B00121,6,Blur Defect,0.06,100,0.94
Q00122,2026-03-06 02:00:00,Contact Lens,B00122,13,Coating Issue,0.13,100,0.87
Q00123,2026-03-06 03:00:00,Optical Frame,B00123,5,Coating Issue,0.05,100,0.95
Q00124,2026-03-06 04:00:00,Reading Glasses,B00124,15,Coating Issue,0.15,100,0.85
Q00125,2026-03-06 05:00:00,Prescription Lens,B00125,11,Coating Issue,0.11,100,0.89
Q00126,2026-03-06 06:00:00,Reading Glasses,B00126,15,Frame Bend,0.15,100,0.85
Q00127,2026-03-06 07:00:00,Sunglasses,B00127,8,Coating Issue,0.08,100,0.92
Q00128,2026-03-06 08:00:00,Reading Glasses,B00128,6,Coating Issue,0.06,100,0.94
Q00129,2026-03-06 09:00:00,Prescription Lens,B00129,10,Frame Bend,0.1,100,0.9
Q00130,2026-03-06 10:00:00,Prescription Lens,B00130,14,Blur Defect,0.14,100,0.86
Q00131,2026-03-06 11:00:00,Prescription Lens,B00131,12,Frame Bend,0.12,100,0.88
Q00132,2026-03-06 12:00:00,Optical Frame,B00132,9,Coating Issue,0.09,100,0.91
Q00133,2026-03-06 13:00:00,Sunglasses,B00133,1,Frame Bend,0.01,100,0.99
Q00134,2026-03-06 14:00:00,Prescription Lens,B00134,15,Coating Issue,0.15,100,0.85
Q00135,2026-03-06 15:00:00,Optical Frame,B00135,17,Blur Defect,0.17,100,0.83
Q00136,2026-03-06 16:00:00,Optical Frame,B00136,15,Frame Bend,0.15,100,0.85
Q00137,2026-03-06 17:00:00,Contact Lens,B00137,14,Blur Defect,0.14,100,0.86
Q00138,2026-03-06 18:00:00,Prescription Lens,B00138,6,Frame Bend,0.06,100,0.94
Q00139,2026-03-06 19:00:00,Prescription Lens,B00139,0,Scratch on Lens,0.0,100,1.0
Q00140,2026-03-06 20:00:00,Reading Glasses,B00140,14,Scratch on Lens,0.14,100,0.86
Q00141,2026-03-06 21:00:00,Reading Glasses,B00141,7,Coating Issue,0.07,100,0.93
Q00142,2026-03-06 22:00:00,Contact Lens,B00142,10,Coating Issue,0.1,100,0.9
Q00143,2026-03-06 23:00:00,Sunglasses,B00143,12,Blur Defect,0.12,100,0.88
Q00144,2026-03-07 00:00:00,Prescription Lens,B00144,2,Frame Bend,0.02,100,0.98
Q00145,2026-03-07 01:00:00,Optical Frame,B00145,12,Scratch on Lens,0.12,100,0.88
Q00146,2026-03-07 02:00:00,Contact Lens,B00146,13,Scratch on Lens,0.13,100,0.87
Q00147,2026-03-07 03:00:00,Reading Glasses,B00147,17,Coating Issue,0.17,100,0.83
Q00148,2026-03-07 04:00:00,Sunglasses,B00148,5,Frame Bend,0.05,100,0.95
Q00149,2026-03-07 05:00:00,Reading Glasses,B00149,18,Scratch on Lens,0.18,100,0.82
Q00150,2026-03-07 06:00:00,Sunglasses,B00150,15,Frame Bend,0.15,100,0.85
Q00151,2026-03-07 07:00:00,Reading Glasses,B00151,10,Blur Defect,0.1,100,0.9
Q00152,2026-03-07 08:00:00,Contact Lens,B00152,17,Coating Issue,0.17,100,0.83
Q00153,2026-03-07 09:00:00,Reading Glasses,B00153,14,Frame Bend,0.14,100,0.86
Q00154,2026-03-07 10:00:00,Sunglasses,B00154,16,Scratch on Lens,0.16,100,0.84
Q00155,2026-03-07 11:00:00,Sunglasses,B00155,7,Coating Issue,0.07,100,0.93
Q00156,2026-03-07 12:00:00,Reading Glasses,B00156,14,Coating Issue,0.14,100,0.86
Q00157,2026-03-07 13:00:00,Sunglasses,B00157,10,Frame Bend,0.1,100,0.9
Q00158,2026-03-07 14:00:00,Reading Glasses,B00158,8,Coating Issue,0.08,100,0.92
Q00159,2026-03-07 15:00:00,Optical Frame,B00159,17,Coating Issue,0.17,100,0.83
Q00160,2026-03-07 16:00:00,Sunglasses,B00160,17,Coating Issue,0.17,100,0.83
Q00161,2026-03-07 17:00:00,Contact Lens,B00161,0,Coating Issue,0.0,100,1.0
Q00162,2026-03-07 18:00:00,Optical Frame,B00162,0,Frame Bend,0.0,100,1.0
Q00163,2026-03-07 19:00:00,Prescription Lens,B00163,9,Coating Issue,0.09,100,0.91
Q00164,2026-03-07 20:00:00,Prescription Lens,B00164,3,Scratch on Lens,0.03,100,0.97
Q00165,2026-03-07 21:00:00,Optical Frame,B00165,2,Frame Bend,0.02,100,0.98
Q00166,2026-03-07 22:00:00,Sunglasses,B00166,10,Frame Bend,0.1,100,0.9
Q00167,2026-03-07 23:00:00,Reading Glasses,B00167,11,Coating Issue,0.11,100,0.89
Q00168,2026-03-08 00:00:00,Optical Frame,B00168,9,Coating Issue,0.09,100,0.91
Q00169,2026-03-08 01:00:00,Sunglasses,B00169,10,Scratch on Lens,0.1,100,0.9
Q00170,2026-03-08 02:00:00,Sunglasses,B00170,5,Blur Defect,0.05,100,0.95
Q00171,2026-03-08 03:00:00,Reading Glasses,B00171,0,Scratch on Lens,0.0,100,1.0
Q00172,2026-03-08 04:00:00,Reading Glasses,B00172,0,Blur Defect,0.0,100,1.0
Q00173,2026-03-08 05:00:00,Reading Glasses,B00173,12,Frame Bend,0.12,100,0.88
Q00174,2026-03-08 06:00:00,Sunglasses,B00174,6,Coating Issue,0.06,100,0.94
Q00175,2026-03-08 07:00:00,Contact Lens,B00175,1,Frame Bend,0.01,100,0.99
Q00176,2026-03-08 08:00:00,Prescription Lens,B00176,11,Scratch on Lens,0.11,100,0.89
Q00177,2026-03-08 09:00:00,Contact Lens,B00177,9,Blur Defect,0.09,100,0.91
Q00178,2026-03-08 10:00:00,Sunglasses,B00178,14,Blur Defect,0.14,100,0.86
Q00179,2026-03-08 11:00:00,Sunglasses,B00179,8,Frame Bend,0.08,100,0.92
Q00180,2026-03-08 12:00:00,Reading Glasses,B00180,17,Scratch on Lens,0.17,100,0.83
Q00181,2026-03-08 13:00:00,Prescription Lens,B00181,15,Frame Bend,0.15,100,0.85
Q00182,2026-03-08 14:00:00,Reading Glasses,B00182,15,Scratch on Lens,0.15,100,0.85
Q00183,2026-03-08 15:00:00,Optical Frame,B00183,7,Frame Bend,0.07,100,0.93
Q00184,2026-03-08 16:00:00,Reading Glasses,B00184,10,Scratch on Lens,0.1,100,0.9
Q00185,2026-03-08 17:00:00,Prescription Lens,B00185,7,Coating Issue,0.07,100,0.93
Q00186,2026-03-08 18:00:00,Sunglasses,B00186,14,Blur Defect,0.14,100,0.86
Q00187,2026-03-08 19:00:00,Contact Lens,B00187,0,Coating Issue,0.0,100,1.0
Q00188,2026-03-08 20:00:00,Reading Glasses,B00188,3,Frame Bend,0.03,100,0.97
Q00189,2026-03-08 21:00:00,Sunglasses,B00189,3,Scratch on Lens,0.03,100,0.97
Q00190,2026-03-08 22:00:00,Prescription Lens,B00190,0,Blur Defect,0.0,100,1.0
Q00191,2026-03-08 23:00:00,Sunglasses,B00191,9,Coating Issue,0.09,100,0.91
Q00192,2026-03-09 00:00:00,Reading Glasses,B00192,0,Frame Bend,0.0,100,1.0
Q00193,2026-03-09 01:00:00,Reading Glasses,B00193,17,Frame Bend,0.17,100,0.83
Q00194,2026-03-09 02:00:00,Contact Lens,B00194,6,Coating Issue,0.06,100,0.94
Q00195,2026-03-09 03:00:00,Reading Glasses,B00195,14,Coating Issue,0.14,100,0.86
Q00196,2026-03-09 04:00:00,Reading Glasses,B00196,4,Scratch on Lens,0.04,100,0.96
Q00197,2026-03-09 05:00:00,Optical Frame,B00197,2,Scratch on Lens,0.02,100,0.98
Q00198,2026-03-09 06:00:00,Prescription Lens,B00198,4,Scratch on Lens,0.04,100,0.96
Q00199,2026-03-09 07:00:00,Prescription Lens,B00199,11,Blur Defect,0.11,100,0.89
Q00200,2026-03-09 08:00:00,Sunglasses,B00200,12,Blur Defect,0.12,100,0.88
Q00201,2026-03-09 09:00:00,Contact Lens,B00201,18,Scratch on Lens,0.18,100,0.82
Q00202,2026-03-09 10:00:00,Prescription Lens,B00202,0,Frame Bend,0.0,100,1.0
Q00203,2026-03-09 11:00:00,Reading Glasses,B00203,8,Frame Bend,0.08,100,0.92
Q00204,2026-03-09 12:00:00,Prescription Lens,B00204,2,Blur Defect,0.02,100,0.98
Q00205,2026-03-09 13:00:00,Reading Glasses,B00205,10,Frame Bend,0.1,100,0.9
Q00206,2026-03-09 14:00:00,Reading Glasses,B00206,10,Blur Defect,0.1,100,0.9
Q00207,2026-03-09 15:00:00,Prescription Lens,B00207,1,Frame Bend,0.01,100,0.99
Q00208,2026-03-09 16:00:00,Sunglasses,B00208,14,Blur Defect,0.14,100,0.86
Q00209,2026-03-09 17:00:00,Prescription Lens,B00209,7,Frame Bend,0.07,100,0.93
Q00210,2026-03-09 18:00:00,Prescription Lens,B00210,8,Scratch on Lens,0.08,100,0.92
Q00211,2026-03-09 19:00:00,Prescription Lens,B00211,5,Frame Bend,0.05,100,0.95
Q00212,2026-03-09 20:00:00,Prescription Lens,B00212,3,Frame Bend,0.03,100,0.97
Q00213,2026-03-09 21:00:00,Optical Frame,B00213,0,Blur Defect,0.0,100,1.0
Q00214,2026-03-09 22:00:00,Sunglasses,B00214,15,Frame Bend,0.15,100,0.85
Q00215,2026-03-09 23:00:00,Prescription Lens,B00215,13,Scratch on Lens,0.13,100,0.87
Q00216,2026-03-10 00:00:00,Contact Lens,B00216,6,Blur Defect,0.06,100,0.94
Q00217,2026-03-10 01:00:00,Contact Lens,B00217,2,Scratch on Lens,0.02,100,0.98
Q00218,2026-03-10 02:00:00,Sunglasses,B00218,1,Coating Issue,0.01,100,0.99
Q00219,2026-03-10 03:00:00,Contact Lens,B00219,1,Scratch on Lens,0.01,100,0.99
Q00220,2026-03-10 04:00:00,Sunglasses,B00220,9,Coating Issue,0.09,100,0.91
Q00221,2026-03-10 05:00:00,Optical Frame,B00221,6,Coating Issue,0.06,100,0.94
Q00222,2026-03-10 06:00:00,Prescription Lens,B00222,0,Frame Bend,0.0,100,1.0
Q00223,2026-03-10 07:00:00,Prescription Lens,B00223,1,Scratch on Lens,0.01,100,0.99
Q00224,2026-03-10 08:00:00,Optical Frame,B00224,10,Frame Bend,0.1,100,0.9
Q00225,2026-03-10 09:00:00,Sunglasses,B00225,7,Frame Bend,0.07,100,0.93
Q00226,2026-03-10 10:00:00,Prescription Lens,B00226,12,Scratch on Lens,0.12,100,0.88
Q00227,2026-03-10 11:00:00,Sunglasses,B00227,11,Frame Bend,0.11,100,0.89
Q00228,2026-03-10 12:00:00,Sunglasses,B00228,12,Frame Bend,0.12,100,0.88
Q00229,2026-03-10 13:00:00,Prescription Lens,B00229,16,Frame Bend,0.16,100,0.84
Q00230,2026-03-10 14:00:00,Sunglasses,B00230,5,Coating Issue,0.05,100,0.95
Q00231,2026-03-10 15:00:00,Prescription Lens,B00231,5,Scratch on Lens,0.05,100,0.95
Q00232,2026-03-10 16:00:00,Contact Lens,B00232,10,Scratch on Lens,0.1,100,0.9
Q00233,2026-03-10 17:00:00,Sunglasses,B00233,6,Frame Bend,0.06,100,0.94
Q00234,2026-03-10 18:00:00,Optical Frame,B00234,2,Scratch on Lens,0.02,100,0.98
Q00235,2026-03-10 19:00:00,Prescription Lens,B00235,6,Scratch on Lens,0.06,100,0.94
Q00236,2026-03-10 20:00:00,Prescription Lens,B00236,19,Frame Bend,0.19,100,0.81
Q00237,2026-03-10 21:00:00,Sunglasses,B00237,14,Scratch on Lens,0.14,100,0.86
Q00238,2026-03-10 22:00:00,Contact Lens,B00238,9,Frame Bend,0.09,100,0.91
Q00239,2026-03-10 23:00:00,Prescription Lens,B00239,5,Frame Bend,0.05,100,0.95
Q00240,2026-03-11 00:00:00,Contact Lens,B00240,2,Frame Bend,0.02,100,0.98
Q00241,2026-03-11 01:00:00,Optical Frame,B00241,4,Frame Bend,0.04,100,0.96
Q00242,2026-03-11 02:00:00,Reading Glasses,B00242,11,Blur Defect,0.11,100,0.89
Q00243,2026-03-11 03:00:00,Prescription Lens,B00243,2,Coating Issue,0.02,100,0.98
Q00244,2026-03-11 04:00:00,Reading Glasses,B00244,11,Scratch on Lens,0.11,100,0.89
Q00245,2026-03-11 05:00:00,Contact Lens,B00245,13,Frame Bend,0.13,100,0.87
Q00246,2026-03-11 06:00:00,Sunglasses,B00246,10,Blur Defect,0.1,100,0.9
Q00247,2026-03-11 07:00:00,Prescription Lens,B00247,14,Scratch on Lens,0.14,100,0.86
Q00248,2026-03-11 08:00:00,Prescription Lens,B00248,9,Coating Issue,0.09,100,0.91
Q00249,2026-03-11 09:00:00,Reading Glasses,B00249,14,Frame Bend,0.14,100,0.86
Q00250,2026-03-11 10:00:00,Contact Lens,B00250,6,Coating Issue,0.06,100,0.94
Q00251,2026-03-11 11:00:00,Contact Lens,B00251,10,Coating Issue,0.1,100,0.9
Q00252,2026-03-11 12:00:00,Sunglasses,B00252,16,Scratch on Lens,0.16,100,0.84
Q00253,2026-03-11 13:00:00,Prescription Lens,B00253,17,Coating Issue,0.17,100,0.83
Q00254,2026-03-11 14:00:00,Sunglasses,B00254,8,Coating Issue,0.08,100,0.92
Q00255,2026-03-11 15:00:00,Reading Glasses,B00255,18,Scratch on Lens,0.18,100,0.82
Q00256,2026-03-11 16:00:00,Optical Frame,B00256,19,Scratch on Lens,0.19,100,0.81
Q00257,2026-03-11 17:00:00,Contact Lens,B00257,3,Coating Issue,0.03,100,0.97
Q00258,2026-03-11 18:00:00,Contact Lens,B00258,3,Blur Defect,0.03,100,0.97
Q00259,2026-03-11 19:00:00,Sunglasses,B00259,13,Scratch on Lens,0.13,100,0.87
Q00260,2026-03-11 20:00:00,Contact Lens,B00260,13,Frame Bend,0.13,100,0.87
Q00261,2026-03-11 21:00:00,Prescription Lens,B00261,11,Scratch on Lens,0.11,100,0.89
Q00262,2026-03-11 22:00:00,Prescription Lens,B00262,6,Coating Issue,0.06,100,0.94
Q00263,2026-03-11 23:00:00,Sunglasses,B00263,9,Frame Bend,0.09,100,0.91
Q00264,2026-03-12 00:00:00,Prescription Lens,B00264,18,Scratch on Lens,0.18,100,0.82
Q00265,2026-03-12 01:00:00,Optical Frame,B00265,10,Blur Defect,0.1,100,0.9
Q00266,2026-03-12 02:00:00,Prescription Lens,B00266,2,Frame Bend,0.02,100,0.98
Q00267,2026-03-12 03:00:00,Prescription Lens,B00267,2,Frame Bend,0.02,100,0.98
Q00268,2026-03-12 04:00:00,Prescription Lens,B00268,9,Scratch on Lens,0.09,100,0.91
Q00269,2026-03-12 05:00:00,Sunglasses,B00269,17,Blur Defect,0.17,100,0.83
Q00270,2026-03-12 06:00:00,Optical Frame,B00270,1,Coating Issue,0.01,100,0.99
Q00271,2026-03-12 07:00:00,Reading Glasses,B00271,9,Coating Issue,0.09,100,0.91
Q00272,2026-03-12 08:00:00,Sunglasses,B00272,18,Scratch on Lens,0.18,100,0.82
Q00273,2026-03-12 09:00:00,Reading Glasses,B00273,5,Scratch on Lens,0.05,100,0.95
Q00274,2026-03-12 10:00:00,Prescription Lens,B00274,11,Coating Issue,0.11,100,0.89
Q00275,2026-03-12 11:00:00,Prescription Lens,B00275,12,Frame Bend,0.12,100,0.88
Q00276,2026-03-12 12:00:00,Prescription Lens,B00276,6,Blur Defect,0.06,100,0.94
Q00277,2026-03-12 13:00:00,Reading Glasses,B00277,12,Scratch on Lens,0.12,100,0.88
Q00278,2026-03-12 14:00:00,Reading Glasses,B00278,18,Blur Defect,0.18,100,0.82
Q00279,2026-03-12 15:00:00,Contact Lens,B00279,17,Scratch on Lens,0.17,100,0.83
Q00280,2026-03-12 16:00:00,Reading Glasses,B00280,13,Frame Bend,0.13,100,0.87
Q00281,2026-03-12 17:00:00,Reading Glasses,B00281,0,Blur Defect,0.0,100,1.0
Q00282,2026-03-12 18:00:00,Prescription Lens,B00282,8,Scratch on Lens,0.08,100,0.92
Q00283,2026-03-12 19:00:00,Sunglasses,B00283,3,Blur Defect,0.03,100,0.97
Q00284,2026-03-12 20:00:00,Prescription Lens,B00284,9,Blur Defect,0.09,100,0.91
Q00285,2026-03-12 21:00:00,Prescription Lens,B00285,7,Scratch on Lens,0.07,100,0.93
Q00286,2026-03-12 22:00:00,Prescription Lens,B00286,1,Coating Issue,0.01,100,0.99
Q00287,2026-03-12 23:00:00,Optical Frame,B00287,13,Scratch on Lens,0.13,100,0.87
Q00288,2026-03-13 00:00:00,Contact Lens,B00288,4,Blur Defect,0.04,100,0.96
Q00289,2026-03-13 01:00:00,Optical Frame,B00289,10,Frame Bend,0.1,100,0.9
Q00290,2026-03-13 02:00:00,Sunglasses,B00290,2,Blur Defect,0.02,100,0.98
Q00291,2026-03-13 03:00:00,Contact Lens,B00291,11,Frame Bend,0.11,100,0.89
Q00292,2026-03-13 04:00:00,Prescription Lens,B00292,17,Blur Defect,0.17,100,0.83
Q00293,2026-03-13 05:00:00,Prescription Lens,B00293,13,Coating Issue,0.13,100,0.87
Q00294,2026-03-13 06:00:00,Prescription Lens,B00294,2,Scratch on Lens,0.02,100,0.98
Q00295,2026-03-13 07:00:00,Sunglasses,B00295,3,Coating Issue,0.03,100,0.97
Q00296,2026-03-13 08:00:00,Reading Glasses,B00296,16,Scratch on Lens,0.16,100,0.84
Q00297,2026-03-13 09:00:00,Prescription Lens,B00297,15,Scratch on Lens,0.15,100,0.85
Q00298,2026-03-13 10:00:00,Prescription Lens,B00298,11,Scratch on Lens,0.11,100,0.89
Q00299,2026-03-13 11:00:00,Contact Lens,B00299,12,Blur Defect,0.12,100,0.88
Q00300,2026-03-13 12:00:00,Prescription Lens,B00300,8,Blur Defect,0.08,100,0.92
Q00301,2026-03-13 13:00:00,Optical Frame,B00301,17,Coating Issue,0.17,100,0.83
Q00302,2026-03-13 14:00:00,Prescription Lens,B00302,11,Frame Bend,0.11,100,0.89
Q00303,2026-03-13 15:00:00,Prescription Lens,B00303,5,Frame Bend,0.05,100,0.95
Q00304,2026-03-13 16:00:00,Optical Frame,B00304,4,Coating Issue,0.04,100,0.96
Q00305,2026-03-13 17:00:00,Prescription Lens,B00305,14,Scratch on Lens,0.14,100,0.86
Q00306,2026-03-13 18:00:00,Prescription Lens,B00306,6,Coating Issue,0.06,100,0.94
Q00307,2026-03-13 19:00:00,Contact Lens,B00307,4,Scratch on Lens,0.04,100,0.96
Q00308,2026-03-13 20:00:00,Prescription Lens,B00308,12,Coating Issue,0.12,100,0.88
Q00309,2026-03-13 21:00:00,Contact Lens,B00309,8,Frame Bend,0.08,100,0.92
Q00310,2026-03-13 22:00:00,Sunglasses,B00310,8,Coating Issue,0.08,100,0.92
Q00311,2026-03-13 23:00:00,Optical Frame,B00311,1,Blur Defect,0.01,100,0.99
Q00312,2026-03-14 00:00:00,Optical Frame,B00312,17,Coating Issue,0.17,100,0.83
Q00313,2026-03-14 01:00:00,Reading Glasses,B00313,5,Blur Defect,0.05,100,0.95
Q00314,2026-03-14 02:00:00,Prescription Lens,B00314,18,Coating Issue,0.18,100,0.82
Q00315,2026-03-14 03:00:00,Reading Glasses,B00315,15,Scratch on Lens,0.15,100,0.85
Q00316,2026-03-14 04:00:00,Contact Lens,B00316,9,Scratch on Lens,0.09,100,0.91
Q00317,2026-03-14 05:00:00,Prescription Lens,B00317,16,Coating Issue,0.16,100,0.84
Q00318,2026-03-14 06:00:00,Prescription Lens,B00318,17,Blur Defect,0.17,100,0.83
Q00319,2026-03-14 07:00:00,Optical Frame,B00319,11,Coating Issue,0.11,100,0.89
Q00320,2026-03-14 08:00:00,Optical Frame,B00320,14,Blur Defect,0.14,100,0.86
Q00321,2026-03-14 09:00:00,Reading Glasses,B00321,7,Frame Bend,0.07,100,0.93
Q00322,2026-03-14 10:00:00,Optical Frame,B00322,0,Blur Defect,0.0,100,1.0
Q00323,2026-03-14 11:00:00,Contact Lens,B00323,8,Scratch on Lens,0.08,100,0.92
Q00324,2026-03-14 12:00:00,Optical Frame,B00324,12,Coating Issue,0.12,100,0.88
Q00325,2026-03-14 13:00:00,Sunglasses,B00325,16,Scratch on Lens,0.16,100,0.84
Q00326,2026-03-14 14:00:00,Prescription Lens,B00326,19,Scratch on Lens,0.19,100,0.81
Q00327,2026-03-14 15:00:00,Reading Glasses,B00327,19,Blur Defect,0.19,100,0.81
Q00328,2026-03-14 16:00:00,Optical Frame,B00328,18,Blur Defect,0.18,100,0.82
Q00329,2026-03-14 17:00:00,Optical Frame,B00329,18,Frame Bend,0.18,100,0.82
Q00330,2026-03-14 18:00:00,Optical Frame,B00330,13,Frame Bend,0.13,100,0.87
Q00331,2026-03-14 19:00:00,Optical Frame,B00331,9,Scratch on Lens,0.09,100,0.91
Q00332,2026-03-14 20:00:00,Optical Frame,B00332,18,Coating Issue,0.18,100,0.82
Q00333,2026-03-14 21:00:00,Reading Glasses,B00333,17,Scratch on Lens,0.17,100,0.83
Q00334,2026-03-14 22:00:00,Sunglasses,B00334,15,Coating Issue,0.15,100,0.85
Q00335,2026-03-14 23:00:00,Contact Lens,B00335,8,Blur Defect,0.08,100,0.92
Q00336,2026-03-15 00:00:00,Sunglasses,B00336,8,Blur Defect,0.08,100,0.92
Q00337,2026-03-15 01:00:00,Sunglasses,B00337,17,Blur Defect,0.17,100,0.83
Q00338,2026-03-15 02:00:00,Reading Glasses,B00338,16,Frame Bend,0.16,100,0.84
Q00339,2026-03-15 03:00:00,Contact Lens,B00339,15,Coating Issue,0.15,100,0.85
Q00340,2026-03-15 04:00:00,Contact Lens,B00340,15,Coating Issue,0.15,100,0.85
Q00341,2026-03-15 05:00:00,Reading Glasses,B00341,12,Blur Defect,0.12,100,0.88
Q00342,2026-03-15 06:00:00,Reading Glasses,B00342,1,Frame Bend,0.01,100,0.99
Q00343,2026-03-15 07:00:00,Prescription Lens,B00343,3,Scratch on Lens,0.03,100,0.97
Q00344,2026-03-15 08:00:00,Contact Lens,B00344,18,Blur Defect,0.18,100,0.82
Q00345,2026-03-15 09:00:00,Optical Frame,B00345,4,Coating Issue,0.04,100,0.96
Q00346,2026-03-15 10:00:00,Prescription Lens,B00346,2,Coating Issue,0.02,100,0.98
Q00347,2026-03-15 11:00:00,Sunglasses,B00347,6,Frame Bend,0.06,100,0.94
Q00348,2026-03-15 12:00:00,Prescription Lens,B00348,13,Blur Defect,0.13,100,0.87
Q00349,2026-03-15 13:00:00,Optical Frame,B00349,2,Scratch on Lens,0.02,100,0.98
Q00350,2026-03-15 14:00:00,Contact Lens,B00350,15,Blur Defect,0.15,100,0.85
Q00351,2026-03-15 15:00:00,Sunglasses,B00351,12,Scratch on Lens,0.12,100,0.88
Q00352,2026-03-15 16:00:00,Sunglasses,B00352,13,Scratch on Lens,0.13,100,0.87
Q00353,2026-03-15 17:00:00,Optical Frame,B00353,0,Coating Issue,0.0,100,1.0
Q00354,2026-03-15 18:00:00,Prescription Lens,B00354,19,Blur Defect,0.19,100,0.81
Q00355,2026-03-15 19:00:00,Sunglasses,B00355,1,Blur Defect,0.01,100,0.99
Q00356,2026-03-15 20:00:00,Optical Frame,B00356,5,Coating Issue,0.05,100,0.95
Q00357,2026-03-15 21:00:00,Reading Glasses,B00357,17,Frame Bend,0.17,100,0.83
Q00358,2026-03-15 22:00:00,Reading Glasses,B00358,3,Frame Bend,0.03,100,0.97
Q00359,2026-03-15 23:00:00,Optical Frame,B00359,6,Frame Bend,0.06,100,0.94
Q00360,2026-03-16 00:00:00,Prescription Lens,B00360,0,Frame Bend,0.0,100,1.0
Q00361,2026-03-16 01:00:00,Reading Glasses,B00361,18,Blur Defect,0.18,100,0.82
Q00362,2026-03-16 02:00:00,Contact Lens,B00362,17,Frame Bend,0.17,100,0.83
Q00363,2026-03-16 03:00:00,Optical Frame,B00363,7,Scratch on Lens,0.07,100,0.93
Q00364,2026-03-16 04:00:00,Reading Glasses,B00364,1,Frame Bend,0.01,100,0.99
Q00365,2026-03-16 05:00:00,Contact Lens,B00365,6,Scratch on Lens,0.06,100,0.94
Q00366,2026-03-16 06:00:00,Prescription Lens,B00366,0,Frame Bend,0.0,100,1.0
Q00367,2026-03-16 07:00:00,Sunglasses,B00367,9,Blur Defect,0.09,100,0.91
Q00368,2026-03-16 08:00:00,Prescription Lens,B00368,16,Frame Bend,0.16,100,0.84
Q00369,2026-03-16 09:00:00,Prescription Lens,B00369,18,Frame Bend,0.18,100,0.82
Q00370,2026-03-16 10:00:00,Reading Glasses,B00370,3,Scratch on Lens,0.03,100,0.97
Q00371,2026-03-16 11:00:00,Prescription Lens,B00371,17,Coating Issue,0.17,100,0.83
Q00372,2026-03-16 12:00:00,Optical Frame,B00372,17,Frame Bend,0.17,100,0.83
Q00373,2026-03-16 13:00:00,Reading Glasses,B00373,2,Scratch on Lens,0.02,100,0.98
Q00374,2026-03-16 14:00:00,Optical Frame,B00374,4,Blur Defect,0.04,100,0.96
Q00375,2026-03-16 15:00:00,Optical Frame,B00375,3,Blur Defect,0.03,100,0.97
Q00376,2026-03-16 16:00:00,Prescription Lens,B00376,12,Coating Issue,0.12,100,0.88
Q00377,2026-03-16 17:00:00,Contact Lens,B00377,6,Scratch on Lens,0.06,100,0.94
Q00378,2026-03-16 18:00:00,Sunglasses,B00378,10,Frame Bend,0.1,100,0.9
Q00379,2026-03-16 19:00:00,Optical Frame,B00379,9,Scratch on Lens,0.09,100,0.91
Q00380,2026-03-16 20:00:00,Prescription Lens,B00380,9,Blur Defect,0.09,100,0.91
Q00381,2026-03-16 21:00:00,Reading Glasses,B00381,15,Coating Issue,0.15,100,0.85
Q00382,2026-03-16 22:00:00,Contact Lens,B00382,10,Blur Defect,0.1,100,0.9
Q00383,2026-03-16 23:00:00,Sunglasses,B00383,14,Coating Issue,0.14,100,0.86
Q00384,2026-03-17 00:00:00,Contact Lens,B00384,14,Coating Issue,0.14,100,0.86
Q00385,2026-03-17 01:00:00,Contact Lens,B00385,18,Scratch on Lens,0.18,100,0.82
Q00386,2026-03-17 02:00:00,Prescription Lens,B00386,4,Blur Defect,0.04,100,0.96
Q00387,2026-03-17 03:00:00,Optical Frame,B00387,4,Scratch on Lens,0.04,100,0.96
Q00388,2026-03-17 04:00:00,Contact Lens,B00388,13,Coating Issue,0.13,100,0.87
Q00389,2026-03-17 05:00:00,Optical Frame,B00389,6,Coating Issue,0.06,100,0.94
Q00390,2026-03-17 06:00:00,Sunglasses,B00390,13,Blur Defect,0.13,100,0.87
Q00391,2026-03-17 07:00:00,Sunglasses,B00391,8,Blur Defect,0.08,100,0.92
Q00392,2026-03-17 08:00:00,Sunglasses,B00392,15,Scratch on Lens,0.15,100,0.85
Q00393,2026-03-17 09:00:00,Prescription Lens,B00393,14,Scratch on Lens,0.14,100,0.86
Q00394,2026-03-17 10:00:00,Contact Lens,B00394,16,Scratch on Lens,0.16,100,0.84
Q00395,2026-03-17 11:00:00,Sunglasses,B00395,6,Frame Bend,0.06,100,0.94
Q00396,2026-03-17 12:00:00,Contact Lens,B00396,14,Frame Bend,0.14,100,0.86
Q00397,2026-03-17 13:00:00,Sunglasses,B00397,5,Blur Defect,0.05,100,0.95
Q00398,2026-03-17 14:00:00,Optical Frame,B00398,7,Frame Bend,0.07,100,0.93
Q00399,2026-03-17 15:00:00,Optical Frame,B00399,11,Blur Defect,0.11,100,0.89
Q00400,2026-03-17 16:00:00,Prescription Lens,B00400,15,Scratch on Lens,0.15,100,0.85
Q00401,2026-03-17 17:00:00,Contact Lens,B00401,19,Frame Bend,0.19,100,0.81
Q00402,2026-03-17 18:00:00,Prescription Lens,B00402,13,Scratch on Lens,0.13,100,0.87
Q00403,2026-03-17 19:00:00,Contact Lens,B00403,5,Frame Bend,0.05,100,0.95
Q00404,2026-03-17 20:00:00,Sunglasses,B00404,0,Scratch on Lens,0.0,100,1.0
Q00405,2026-03-17 21:00:00,Optical Frame,B00405,3,Coating Issue,0.03,100,0.97
Q00406,2026-03-17 22:00:00,Optical Frame,B00406,14,Scratch on Lens,0.14,100,0.86
Q00407,2026-03-17 23:00:00,Reading Glasses,B00407,6,Frame Bend,0.06,100,0.94
Q00408,2026-03-18 00:00:00,Contact Lens,B00408,17,Blur Defect,0.17,100,0.83
Q00409,2026-03-18 01:00:00,Optical Frame,B00409,14,Scratch on Lens,0.14,100,0.86
Q00410,2026-03-18 02:00:00,Sunglasses,B00410,15,Coating Issue,0.15,100,0.85
Q00411,2026-03-18 03:00:00,Prescription Lens,B00411,4,Coating Issue,0.04,100,0.96
Q00412,2026-03-18 04:00:00,Reading Glasses,B00412,19,Blur Defect,0.19,100,0.81
Q00413,2026-03-18 05:00:00,Contact Lens,B00413,10,Frame Bend,0.1,100,0.9
Q00414,2026-03-18 06:00:00,Sunglasses,B00414,4,Coating Issue,0.04,100,0.96
Q00415,2026-03-18 07:00:00,Sunglasses,B00415,3,Scratch on Lens,0.03,100,0.97
Q00416,2026-03-18 08:00:00,Reading Glasses,B00416,13,Coating Issue,0.13,100,0.87
Q00417,2026-03-18 09:00:00,Sunglasses,B00417,16,Frame Bend,0.16,100,0.84
Q00418,2026-03-18 10:00:00,Optical Frame,B00418,7,Coating Issue,0.07,100,0.93
Q00419,2026-03-18 11:00:00,Sunglasses,B00419,6,Frame Bend,0.06,100,0.94
Q00420,2026-03-18 12:00:00,Reading Glasses,B00420,16,Coating Issue,0.16,100,0.84
Q00421,2026-03-18 13:00:00,Prescription Lens,B00421,4,Frame Bend,0.04,100,0.96
Q00422,2026-03-18 14:00:00,Optical Frame,B00422,13,Scratch on Lens,0.13,100,0.87
Q00423,2026-03-18 15:00:00,Reading Glasses,B00423,16,Scratch on Lens,0.16,100,0.84
Q00424,2026-03-18 16:00:00,Contact Lens,B00424,12,Blur Defect,0.12,100,0.88
Q00425,2026-03-18 17:00:00,Sunglasses,B00425,5,Blur Defect,0.05,100,0.95
Q00426,2026-03-18 18:00:00,Prescription Lens,B00426,6,Blur Defect,0.06,100,0.94
Q00427,2026-03-18 19:00:00,Sunglasses,B00427,15,Coating Issue,0.15,100,0.85
Q00428,2026-03-18 20:00:00,Optical Frame,B00428,3,Frame Bend,0.03,100,0.97
Q00429,2026-03-18 21:00:00,Reading Glasses,B00429,18,Scratch on Lens,0.18,100,0.82
Q00430,2026-03-18 22:00:00,Sunglasses,B00430,3,Frame Bend,0.03,100,0.97
Q00431,2026-03-18 23:00:00,Sunglasses,B00431,15,Scratch on Lens,0.15,100,0.85
Q00432,2026-03-19 00:00:00,Prescription Lens,B00432,5,Scratch on Lens,0.05,100,0.95
Q00433,2026-03-19 01:00:00,Reading Glasses,B00433,4,Scratch on Lens,0.04,100,0.96
Q00434,2026-03-19 02:00:00,Reading Glasses,B00434,7,Blur Defect,0.07,100,0.93
Q00435,2026-03-19 03:00:00,Contact Lens,B00435,8,Scratch on Lens,0.08,100,0.92
Q00436,2026-03-19 04:00:00,Optical Frame,B00436,19,Frame Bend,0.19,100,0.81
Q00437,2026-03-19 05:00:00,Reading Glasses,B00437,17,Blur Defect,0.17,100,0.83
Q00438,2026-03-19 06:00:00,Contact Lens,B00438,8,Scratch on Lens,0.08,100,0.92
Q00439,2026-03-19 07:00:00,Optical Frame,B00439,11,Coating Issue,0.11,100,0.89
Q00440,2026-03-19 08:00:00,Optical Frame,B00440,15,Blur Defect,0.15,100,0.85
Q00441,2026-03-19 09:00:00,Optical Frame,B00441,3,Blur Defect,0.03,100,0.97
Q00442,2026-03-19 10:00:00,Contact Lens,B00442,1,Blur Defect,0.01,100,0.99
Q00443,2026-03-19 11:00:00,Contact Lens,B00443,16,Scratch on Lens,0.16,100,0.84
Q00444,2026-03-19 12:00:00,Prescription Lens,B00444,10,Coating Issue,0.1,100,0.9
Q00445,2026-03-19 13:00:00,Contact Lens,B00445,5,Scratch on Lens,0.05,100,0.95
Q00446,2026-03-19 14:00:00,Sunglasses,B00446,3,Scratch on Lens,0.03,100,0.97
Q00447,2026-03-19 15:00:00,Optical Frame,B00447,17,Frame Bend,0.17,100,0.83
Q00448,2026-03-19 16:00:00,Prescription Lens,B00448,18,Frame Bend,0.18,100,0.82
Q00449,2026-03-19 17:00:00,Prescription Lens,B00449,18,Frame Bend,0.18,100,0.82
Q00450,2026-03-19 18:00:00,Prescription Lens,B00450,0,Blur Defect,0.0,100,1.0
Q00451,2026-03-19 19:00:00,Sunglasses,B00451,6,Coating Issue,0.06,100,0.94
Q00452,2026-03-19 20:00:00,Optical Frame,B00452,10,Scratch on Lens,0.1,100,0.9
Q00453,2026-03-19 21:00:00,Sunglasses,B00453,0,Coating Issue,0.0,100,1.0
Q00454,2026-03-19 22:00:00,Contact Lens,B00454,15,Scratch on Lens,0.15,100,0.85
Q00455,2026-03-19 23:00:00,Prescription Lens,B00455,15,Blur Defect,0.15,100,0.85
Q00456,2026-03-20 00:00:00,Contact Lens,B00456,11,Frame Bend,0.11,100,0.89
Q00457,2026-03-20 01:00:00,Reading Glasses,B00457,15,Blur Defect,0.15,100,0.85
Q00458,2026-03-20 02:00:00,Sunglasses,B00458,0,Frame Bend,0.0,100,1.0
Q00459,2026-03-20 03:00:00,Prescription Lens,B00459,13,Scratch on Lens,0.13,100,0.87
Q00460,2026-03-20 04:00:00,Contact Lens,B00460,14,Coating Issue,0.14,100,0.86
Q00461,2026-03-20 05:00:00,Contact Lens,B00461,10,Coating Issue,0.1,100,0.9
Q00462,2026-03-20 06:00:00,Contact Lens,B00462,18,Frame Bend,0.18,100,0.82
Q00463,2026-03-20 07:00:00,Reading Glasses,B00463,13,Scratch on Lens,0.13,100,0.87
Q00464,2026-03-20 08:00:00,Reading Glasses,B00464,18,Scratch on Lens,0.18,100,0.82
Q00465,2026-03-20 09:00:00,Prescription Lens,B00465,5,Blur Defect,0.05,100,0.95
Q00466,2026-03-20 10:00:00,Optical Frame,B00466,2,Frame Bend,0.02,100,0.98
Q00467,2026-03-20 11:00:00,Contact Lens,B00467,19,Scratch on Lens,0.19,100,0.81
Q00468,2026-03-20 12:00:00,Sunglasses,B00468,7,Coating Issue,0.07,100,0.93
Q00469,2026-03-20 13:00:00,Sunglasses,B00469,5,Scratch on Lens,0.05,100,0.95
Q00470,2026-03-20 14:00:00,Sunglasses,B00470,13,Frame Bend,0.13,100,0.87
Q00471,2026-03-20 15:00:00,Prescription Lens,B00471,8,Blur Defect,0.08,100,0.92
Q00472,2026-03-20 16:00:00,Reading Glasses,B00472,8,Blur Defect,0.08,100,0.92
Q00473,2026-03-20 17:00:00,Sunglasses,B00473,4,Coating Issue,0.04,100,0.96
Q00474,2026-03-20 18:00:00,Optical Frame,B00474,15,Coating Issue,0.15,100,0.85
Q00475,2026-03-20 19:00:00,Contact Lens,B00475,16,Blur Defect,0.16,100,0.84
Q00476,2026-03-20 20:00:00,Prescription Lens,B00476,10,Coating Issue,0.1,100,0.9
Q00477,2026-03-20 21:00:00,Sunglasses,B00477,15,Frame Bend,0.15,100,0.85
Q00478,2026-03-20 22:00:00,Contact Lens,B00478,13,Frame Bend,0.13,100,0.87
Q00479,2026-03-20 23:00:00,Prescription Lens,B00479,13,Blur Defect,0.13,100,0.87
Q00480,2026-03-21 00:00:00,Contact Lens,B00480,16,Blur Defect,0.16,100,0.84
Q00481,2026-03-21 01:00:00,Sunglasses,B00481,5,Blur Defect,0.05,100,0.95
Q00482,2026-03-21 02:00:00,Optical Frame,B00482,9,Scratch on Lens,0.09,100,0.91
Q00483,2026-03-21 03:00:00,Contact Lens,B00483,0,Coating Issue,0.0,100,1.0
Q00484,2026-03-21 04:00:00,Sunglasses,B00484,13,Blur Defect,0.13,100,0.87
Q00485,2026-03-21 05:00:00,Prescription Lens,B00485,4,Scratch on Lens,0.04,100,0.96
Q00486,2026-03-21 06:00:00,Prescription Lens,B00486,1,Coating Issue,0.01,100,0.99
Q00487,2026-03-21 07:00:00,Prescription Lens,B00487,12,Blur Defect,0.12,100,0.88
Q00488,2026-03-21 08:00:00,Prescription Lens,B00488,12,Scratch on Lens,0.12,100,0.88
Q00489,2026-03-21 09:00:00,Contact Lens,B00489,14,Scratch on Lens,0.14,100,0.86
Q00490,2026-03-21 10:00:00,Sunglasses,B00490,7,Blur Defect,0.07,100,0.93
Q00491,2026-03-21 11:00:00,Sunglasses,B00491,8,Scratch on Lens,0.08,100,0.92
Q00492,2026-03-21 12:00:00,Contact Lens,B00492,1,Blur Defect,0.01,100,0.99
Q00493,2026-03-21 13:00:00,Reading Glasses,B00493,5,Frame Bend,0.05,100,0.95
Q00494,2026-03-21 14:00:00,Optical Frame,B00494,5,Scratch on Lens,0.05,100,0.95
Q00495,2026-03-21 15:00:00,Prescription Lens,B00495,6,Coating Issue,0.06,100,0.94
Q00496,2026-03-21 16:00:00,Sunglasses,B00496,10,Scratch on Lens,0.1,100,0.9
Q00497,2026-03-21 17:00:00,Prescription Lens,B00497,7,Blur Defect,0.07,100,0.93
Q00498,2026-03-21 18:00:00,Sunglasses,B00498,8,Frame Bend,0.08,100,0.92
Q00499,2026-03-21 19:00:00,Optical Frame,B00499,9,Coating Issue,0.09,100,0.91
Q00500,2026-03-21 20:00:00,Reading Glasses,B00500,7,Coating Issue,0.07,100,0.93
Q00501,2026-03-21 21:00:00,Sunglasses,B00501,8,Frame Bend,0.08,100,0.92
Q00502,2026-03-21 22:00:00,Sunglasses,B00502,2,Scratch on Lens,0.02,100,0.98
Q00503,2026-03-21 23:00:00,Contact Lens,B00503,12,Scratch on Lens,0.12,100,0.88
Q00504,2026-03-22 00:00:00,Sunglasses,B00504,12,Blur Defect,0.12,100,0.88
Q00505,2026-03-22 01:00:00,Prescription Lens,B00505,4,Coating Issue,0.04,100,0.96
Q00506,2026-03-22 02:00:00,Prescription Lens,B00506,9,Scratch on Lens,0.09,100,0.91
Q00507,2026-03-22 03:00:00,Contact Lens,B00507,13,Blur Defect,0.13,100,0.87
Q00508,2026-03-22 04:00:00,Contact Lens,B00508,7,Scratch on Lens,0.07,100,0.93
Q00509,2026-03-22 05:00:00,Prescription Lens,B00509,2,Coating Issue,0.02,100,0.98
Q00510,2026-03-22 06:00:00,Sunglasses,B00510,15,Scratch on Lens,0.15,100,0.85
Q00511,2026-03-22 07:00:00,Contact Lens,B00511,2,Coating Issue,0.02,100,0.98
Q00512,2026-03-22 08:00:00,Optical Frame,B00512,12,Coating Issue,0.12,100,0.88
Q00513,2026-03-22 09:00:00,Optical Frame,B00513,0,Frame Bend,0.0,100,1.0
Q00514,2026-03-22 10:00:00,Optical Frame,B00514,12,Frame Bend,0.12,100,0.88
Q00515,2026-03-22 11:00:00,Reading Glasses,B00515,18,Frame Bend,0.18,100,0.82
Q00516,2026-03-22 12:00:00,Prescription Lens,B00516,4,Blur Defect,0.04,100,0.96
Q00517,2026-03-22 13:00:00,Sunglasses,B00517,5,Blur Defect,0.05,100,0.95
Q00518,2026-03-22 14:00:00,Contact Lens,B00518,10,Blur Defect,0.1,100,0.9
Q00519,2026-03-22 15:00:00,Reading Glasses,B00519,3,Frame Bend,0.03,100,0.97
Q00520,2026-03-22 16:00:00,Contact Lens,B00520,10,Frame Bend,0.1,100,0.9
Q00521,2026-03-22 17:00:00,Contact Lens,B00521,1,Coating Issue,0.01,100,0.99
Q00522,2026-03-22 18:00:00,Optical Frame,B00522,2,Frame Bend,0.02,100,0.98
Q00523,2026-03-22 19:00:00,Contact Lens,B00523,10,Blur Defect,0.1,100,0.9
Q00524,2026-03-22 20:00:00,Reading Glasses,B00524,12,Scratch on Lens,0.12,100,0.88
Q00525,2026-03-22 21:00:00,Optical Frame,B00525,13,Coating Issue,0.13,100,0.87
Q00526,2026-03-22 22:00:00,Prescription Lens,B00526,14,Scratch on Lens,0.14,100,0.86
Q00527,2026-03-22 23:00:00,Optical Frame,B00527,7,Frame Bend,0.07,100,0.93
Q00528,2026-03-23 00:00:00,Sunglasses,B00528,18,Blur Defect,0.18,100,0.82
Q00529,2026-03-23 01:00:00,Sunglasses,B00529,18,Scratch on Lens,0.18,100,0.82
Q00530,2026-03-23 02:00:00,Reading Glasses,B00530,8,Frame Bend,0.08,100,0.92
Q00531,2026-03-23 03:00:00,Sunglasses,B00531,19,Blur Defect,0.19,100,0.81
Q00532,2026-03-23 04:00:00,Reading Glasses,B00532,3,Scratch on Lens,0.03,100,0.97
Q00533,2026-03-23 05:00:00,Sunglasses,B00533,13,Blur Defect,0.13,100,0.87
Q00534,2026-03-23 06:00:00,Sunglasses,B00534,10,Blur Defect,0.1,100,0.9
Q00535,2026-03-23 07:00:00,Prescription Lens,B00535,7,Blur Defect,0.07,100,0.93
Q00536,2026-03-23 08:00:00,Optical Frame,B00536,4,Coating Issue,0.04,100,0.96
Q00537,2026-03-23 09:00:00,Reading Glasses,B00537,19,Coating Issue,0.19,100,0.81
Q00538,2026-03-23 10:00:00,Prescription Lens,B00538,13,Frame Bend,0.13,100,0.87
Q00539,2026-03-23 11:00:00,Reading Glasses,B00539,15,Coating Issue,0.15,100,0.85
Q00540,2026-03-23 12:00:00,Prescription Lens,B00540,6,Blur Defect,0.06,100,0.94
Q00541,2026-03-23 13:00:00,Prescription Lens,B00541,2,Blur Defect,0.02,100,0.98
Q00542,2026-03-23 14:00:00,Sunglasses,B00542,0,Frame Bend,0.0,100,1.0
Q00543,2026-03-23 15:00:00,Contact Lens,B00543,10,Blur Defect,0.1,100,0.9
Q00544,2026-03-23 16:00:00,Contact Lens,B00544,19,Scratch on Lens,0.19,100,0.81
Q00545,2026-03-23 17:00:00,Prescription Lens,B00545,3,Coating Issue,0.03,100,0.97
Q00546,2026-03-23 18:00:00,Contact Lens,B00546,8,Frame Bend,0.08,100,0.92
Q00547,2026-03-23 19:00:00,Prescription Lens,B00547,10,Blur Defect,0.1,100,0.9
Q00548,2026-03-23 20:00:00,Sunglasses,B00548,14,Blur Defect,0.14,100,0.86
Q00549,2026-03-23 21:00:00,Prescription Lens,B00549,7,Scratch on Lens,0.07,100,0.93
Q00550,2026-03-23 22:00:00,Prescription Lens,B00550,13,Frame Bend,0.13,100,0.87
Q00551,2026-03-23 23:00:00,Sunglasses,B00551,14,Frame Bend,0.14,100,0.86
Q00552,2026-03-24 00:00:00,Contact Lens,B00552,9,Frame Bend,0.09,100,0.91
Q00553,2026-03-24 01:00:00,Prescription Lens,B00553,10,Scratch on Lens,0.1,100,0.9
Q00554,2026-03-24 02:00:00,Contact Lens,B00554,17,Coating Issue,0.17,100,0.83
Q00555,2026-03-24 03:00:00,Reading Glasses,B00555,2,Blur Defect,0.02,100,0.98
Q00556,2026-03-24 04:00:00,Optical Frame,B00556,9,Frame Bend,0.09,100,0.91
Q00557,2026-03-24 05:00:00,Reading Glasses,B00557,12,Frame Bend,0.12,100,0.88
Q00558,2026-03-24 06:00:00,Optical Frame,B00558,15,Scratch on Lens,0.15,100,0.85
Q00559,2026-03-24 07:00:00,Reading Glasses,B00559,17,Scratch on Lens,0.17,100,0.83
Q00560,2026-03-24 08:00:00,Sunglasses,B00560,6,Frame Bend,0.06,100,0.94
Q00561,2026-03-24 09:00:00,Contact Lens,B00561,15,Scratch on Lens,0.15,100,0.85
Q00562,2026-03-24 10:00:00,Contact Lens,B00562,6,Coating Issue,0.06,100,0.94
Q00563,2026-03-24 11:00:00,Optical Frame,B00563,12,Frame Bend,0.12,100,0.88
Q00564,2026-03-24 12:00:00,Reading Glasses,B00564,17,Scratch on Lens,0.17,100,0.83
Q00565,2026-03-24 13:00:00,Sunglasses,B00565,14,Frame Bend,0.14,100,0.86
Q00566,2026-03-24 14:00:00,Prescription Lens,B00566,5,Coating Issue,0.05,100,0.95
Q00567,2026-03-24 15:00:00,Sunglasses,B00567,0,Frame Bend,0.0,100,1.0
Q00568,2026-03-24 16:00:00,Prescription Lens,B00568,1,Frame Bend,0.01,100,0.99
Q00569,2026-03-24 17:00:00,Contact Lens,B00569,8,Coating Issue,0.08,100,0.92
Q00570,2026-03-24 18:00:00,Reading Glasses,B00570,16,Scratch on Lens,0.16,100,0.84
Q00571,2026-03-24 19:00:00,Sunglasses,B00571,6,Coating Issue,0.06,100,0.94
Q00572,2026-03-24 20:00:00,Optical Frame,B00572,5,Blur Defect,0.05,100,0.95
Q00573,2026-03-24 21:00:00,Sunglasses,B00573,16,Blur Defect,0.16,100,0.84
Q00574,2026-03-24 22:00:00,Sunglasses,B00574,18,Frame Bend,0.18,100,0.82
Q00575,2026-03-24 23:00:00,Reading Glasses,B00575,16,Frame Bend,0.16,100,0.84
Q00576,2026-03-25 00:00:00,Prescription Lens,B00576,16,Blur Defect,0.16,100,0.84
Q00577,2026-03-25 01:00:00,Optical Frame,B00577,10,Blur Defect,0.1,100,0.9
Q00578,2026-03-25 02:00:00,Reading Glasses,B00578,9,Frame Bend,0.09,100,0.91
Q00579,2026-03-25 03:00:00,Reading Glasses,B00579,0,Blur Defect,0.0,100,1.0
Q00580,2026-03-25 04:00:00,Sunglasses,B00580,15,Scratch on Lens,0.15,100,0.85
Q00581,2026-03-25 05:00:00,Reading Glasses,B00581,5,Frame Bend,0.05,100,0.95
Q00582,2026-03-25 06:00:00,Optical Frame,B00582,1,Blur Defect,0.01,100,0.99
Q00583,2026-03-25 07:00:00,Reading Glasses,B00583,19,Scratch on Lens,0.19,100,0.81
Q00584,2026-03-25 08:00:00,Contact Lens,B00584,4,Scratch on Lens,0.04,100,0.96
Q00585,2026-03-25 09:00:00,Sunglasses,B00585,4,Scratch on Lens,0.04,100,0.96
Q00586,2026-03-25 10:00:00,Sunglasses,B00586,15,Coating Issue,0.15,100,0.85
Q00587,2026-03-25 11:00:00,Reading Glasses,B00587,0,Blur Defect,0.0,100,1.0
Q00588,2026-03-25 12:00:00,Prescription Lens,B00588,2,Coating Issue,0.02,100,0.98
Q00589,2026-03-25 13:00:00,Optical Frame,B00589,1,Blur Defect,0.01,100,0.99
Q00590,2026-03-25 14:00:00,Reading Glasses,B00590,3,Frame Bend,0.03,100,0.97
Q00591,2026-03-25 15:00:00,Reading Glasses,B00591,13,Blur Defect,0.13,100,0.87
Q00592,2026-03-25 16:00:00,Optical Frame,B00592,1,Blur Defect,0.01,100,0.99
Q00593,2026-03-25 17:00:00,Optical Frame,B00593,8,Frame Bend,0.08,100,0.92
Q00594,2026-03-25 18:00:00,Reading Glasses,B00594,14,Blur Defect,0.14,100,0.86
Q00595,2026-03-25 19:00:00,Reading Glasses,B00595,0,Coating Issue,0.0,100,1.0
Q00596,2026-03-25 20:00:00,Optical Frame,B00596,11,Frame Bend,0.11,100,0.89
Q00597,2026-03-25 21:00:00,Contact Lens,B00597,12,Scratch on Lens,0.12,100,0.88
Q00598,2026-03-25 22:00:00,Contact Lens,B00598,13,Scratch on Lens,0.13,100,0.87
Q00599,2026-03-25 23:00:00,Reading Glasses,B00599,0,Blur Defect,0.0,100,1.0
Q00600,2026-03-26 00:00:00,Sunglasses,B00600,16,Frame Bend,0.16,100,0.84
Q00601,2026-03-26 01:00:00,Contact Lens,B00601,8,Frame Bend,0.08,100,0.92
Q00602,2026-03-26 02:00:00,Contact Lens,B00602,15,Coating Issue,0.15,100,0.85
Q00603,2026-03-26 03:00:00,Prescription Lens,B00603,4,Frame Bend,0.04,100,0.96
Q00604,2026-03-26 04:00:00,Optical Frame,B00604,9,Frame Bend,0.09,100,0.91
Q00605,2026-03-26 05:00:00,Prescription Lens,B00605,18,Blur Defect,0.18,100,0.82
Q00606,2026-03-26 06:00:00,Prescription Lens,B00606,12,Blur Defect,0.12,100,0.88
Q00607,2026-03-26 07:00:00,Sunglasses,B00607,16,Scratch on Lens,0.16,100,0.84
Q00608,2026-03-26 08:00:00,Reading Glasses,B00608,15,Frame Bend,0.15,100,0.85
Q00609,2026-03-26 09:00:00,Reading Glasses,B00609,5,Scratch on Lens,0.05,100,0.95
Q00610,2026-03-26 10:00:00,Reading Glasses,B00610,5,Frame Bend,0.05,100,0.95
Q00611,2026-03-26 11:00:00,Prescription Lens,B00611,2,Blur Defect,0.02,100,0.98
Q00612,2026-03-26 12:00:00,Prescription Lens,B00612,14,Blur Defect,0.14,100,0.86
Q00613,2026-03-26 13:00:00,Reading Glasses,B00613,8,Scratch on Lens,0.08,100,0.92
Q00614,2026-03-26 14:00:00,Reading Glasses,B00614,1,Coating Issue,0.01,100,0.99
Q00615,2026-03-26 15:00:00,Reading Glasses,B00615,8,Frame Bend,0.08,100,0.92
Q00616,2026-03-26 16:00:00,Prescription Lens,B00616,9,Scratch on Lens,0.09,100,0.91
Q00617,2026-03-26 17:00:00,Sunglasses,B00617,12,Blur Defect,0.12,100,0.88
Q00618,2026-03-26 18:00:00,Prescription Lens,B00618,15,Frame Bend,0.15,100,0.85
Q00619,2026-03-26 19:00:00,Contact Lens,B00619,1,Frame Bend,0.01,100,0.99
Q00620,2026-03-26 20:00:00,Prescription Lens,B00620,19,Blur Defect,0.19,100,0.81
Q00621,2026-03-26 21:00:00,Sunglasses,B00621,15,Scratch on Lens,0.15,100,0.85
Q00622,2026-03-26 22:00:00,Contact Lens,B00622,8,Blur Defect,0.08,100,0.92
Q00623,2026-03-26 23:00:00,Optical Frame,B00623,15,Blur Defect,0.15,100,0.85
Q00624,2026-03-27 00:00:00,Reading Glasses,B00624,2,Scratch on Lens,0.02,100,0.98
Q00625,2026-03-27 01:00:00,Contact Lens,B00625,8,Blur Defect,0.08,100,0.92
Q00626,2026-03-27 02:00:00,Prescription Lens,B00626,18,Coating Issue,0.18,100,0.82
Q00627,2026-03-27 03:00:00,Optical Frame,B00627,7,Frame Bend,0.07,100,0.93
Q00628,2026-03-27 04:00:00,Prescription Lens,B00628,5,Scratch on Lens,0.05,100,0.95
Q00629,2026-03-27 05:00:00,Contact Lens,B00629,6,Coating Issue,0.06,100,0.94
Q00630,2026-03-27 06:00:00,Optical Frame,B00630,14,Scratch on Lens,0.14,100,0.86
Q00631,2026-03-27 07:00:00,Prescription Lens,B00631,5,Scratch on Lens,0.05,100,0.95
Q00632,2026-03-27 08:00:00,Contact Lens,B00632,10,Coating Issue,0.1,100,0.9
Q00633,2026-03-27 09:00:00,Reading Glasses,B00633,0,Blur Defect,0.0,100,1.0
Q00634,2026-03-27 10:00:00,Contact Lens,B00634,16,Coating Issue,0.16,100,0.84
Q00635,2026-03-27 11:00:00,Optical Frame,B00635,3,Coating Issue,0.03,100,0.97
Q00636,2026-03-27 12:00:00,Reading Glasses,B00636,17,Blur Defect,0.17,100,0.83
Q00637,2026-03-27 13:00:00,Optical Frame,B00637,13,Scratch on Lens,0.13,100,0.87
Q00638,2026-03-27 14:00:00,Optical Frame,B00638,8,Coating Issue,0.08,100,0.92
Q00639,2026-03-27 15:00:00,Prescription Lens,B00639,19,Scratch on Lens,0.19,100,0.81
Q00640,2026-03-27 16:00:00,Optical Frame,B00640,0,Frame Bend,0.0,100,1.0
Q00641,2026-03-27 17:00:00,Sunglasses,B00641,12,Coating Issue,0.12,100,0.88
Q00642,2026-03-27 18:00:00,Optical Frame,B00642,6,Scratch on Lens,0.06,100,0.94
Q00643,2026-03-27 19:00:00,Prescription Lens,B00643,10,Coating Issue,0.1,100,0.9
Q00644,2026-03-27 20:00:00,Contact Lens,B00644,2,Scratch on Lens,0.02,100,0.98
Q00645,2026-03-27 21:00:00,Sunglasses,B00645,9,Coating Issue,0.09,100,0.91
Q00646,2026-03-27 22:00:00,Prescription Lens,B00646,7,Coating Issue,0.07,100,0.93
Q00647,2026-03-27 23:00:00,Contact Lens,B00647,4,Frame Bend,0.04,100,0.96
Q00648,2026-03-28 00:00:00,Contact Lens,B00648,2,Scratch on Lens,0.02,100,0.98
Q00649,2026-03-28 01:00:00,Optical Frame,B00649,6,Blur Defect,0.06,100,0.94
Q00650,2026-03-28 02:00:00,Contact Lens,B00650,13,Coating Issue,0.13,100,0.87
Q00651,2026-03-28 03:00:00,Sunglasses,B00651,9,Scratch on Lens,0.09,100,0.91
Q00652,2026-03-28 04:00:00,Prescription Lens,B00652,0,Blur Defect,0.0,100,1.0
Q00653,2026-03-28 05:00:00,Sunglasses,B00653,3,Frame Bend,0.03,100,0.97
Q00654,2026-03-28 06:00:00,Sunglasses,B00654,0,Coating Issue,0.0,100,1.0
Q00655,2026-03-28 07:00:00,Optical Frame,B00655,15,Frame Bend,0.15,100,0.85
Q00656,2026-03-28 08:00:00,Prescription Lens,B00656,8,Blur Defect,0.08,100,0.92
Q00657,2026-03-28 09:00:00,Optical Frame,B00657,1,Coating Issue,0.01,100,0.99
Q00658,2026-03-28 10:00:00,Reading Glasses,B00658,6,Blur Defect,0.06,100,0.94
Q00659,2026-03-28 11:00:00,Reading Glasses,B00659,12,Coating Issue,0.12,100,0.88
Q00660,2026-03-28 12:00:00,Contact Lens,B00660,0,Frame Bend,0.0,100,1.0
Q00661,2026-03-28 13:00:00,Contact Lens,B00661,18,Coating Issue,0.18,100,0.82
Q00662,2026-03-28 14:00:00,Contact Lens,B00662,9,Frame Bend,0.09,100,0.91
Q00663,2026-03-28 15:00:00,Optical Frame,B00663,5,Frame Bend,0.05,100,0.95
Q00664,2026-03-28 16:00:00,Prescription Lens,B00664,3,Frame Bend,0.03,100,0.97
Q00665,2026-03-28 17:00:00,Reading Glasses,B00665,5,Frame Bend,0.05,100,0.95
Q00666,2026-03-28 18:00:00,Prescription Lens,B00666,5,Coating Issue,0.05,100,0.95
Q00667,2026-03-28 19:00:00,Sunglasses,B00667,5,Blur Defect,0.05,100,0.95
Q00668,2026-03-28 20:00:00,Prescription Lens,B00668,15,Blur Defect,0.15,100,0.85
Q00669,2026-03-28 21:00:00,Contact Lens,B00669,15,Frame Bend,0.15,100,0.85
Q00670,2026-03-28 22:00:00,Sunglasses,B00670,1,Frame Bend,0.01,100,0.99
Q00671,2026-03-28 23:00:00,Reading Glasses,B00671,1,Blur Defect,0.01,100,0.99
Q00672,2026-03-29 00:00:00,Prescription Lens,B00672,9,Blur Defect,0.09,100,0.91
Q00673,2026-03-29 01:00:00,Optical Frame,B00673,10,Frame Bend,0.1,100,0.9
Q00674,2026-03-29 02:00:00,Prescription Lens,B00674,10,Blur Defect,0.1,100,0.9
Q00675,2026-03-29 03:00:00,Sunglasses,B00675,16,Scratch on Lens,0.16,100,0.84
Q00676,2026-03-29 04:00:00,Prescription Lens,B00676,11,Coating Issue,0.11,100,0.89
Q00677,2026-03-29 05:00:00,Sunglasses,B00677,15,Frame Bend,0.15,100,0.85
Q00678,2026-03-29 06:00:00,Contact Lens,B00678,14,Blur Defect,0.14,100,0.86
Q00679,2026-03-29 07:00:00,Reading Glasses,B00679,18,Frame Bend,0.18,100,0.82
Q00680,2026-03-29 08:00:00,Sunglasses,B00680,19,Scratch on Lens,0.19,100,0.81
Q00681,2026-03-29 09:00:00,Prescription Lens,B00681,9,Blur Defect,0.09,100,0.91
Q00682,2026-03-29 10:00:00,Contact Lens,B00682,17,Blur Defect,0.17,100,0.83
Q00683,2026-03-29 11:00:00,Prescription Lens,B00683,16,Frame Bend,0.16,100,0.84
Q00684,2026-03-29 12:00:00,Reading Glasses,B00684,16,Coating Issue,0.16,100,0.84
Q00685,2026-03-29 13:00:00,Prescription Lens,B00685,6,Coating Issue,0.06,100,0.94
Q00686,2026-03-29 14:00:00,Prescription Lens,B00686,9,Scratch on Lens,0.09,100,0.91
Q00687,2026-03-29 15:00:00,Prescription Lens,B00687,3,Blur Defect,0.03,100,0.97
Q00688,2026-03-29 16:00:00,Contact Lens,B00688,3,Frame Bend,0.03,100,0.97
Q00689,2026-03-29 17:00:00,Sunglasses,B00689,19,Scratch on Lens,0.19,100,0.81
Q00690,2026-03-29 18:00:00,Sunglasses,B00690,17,Blur Defect,0.17,100,0.83
Q00691,2026-03-29 19:00:00,Prescription Lens,B00691,10,Coating Issue,0.1,100,0.9
Q00692,2026-03-29 20:00:00,Reading Glasses,B00692,6,Frame Bend,0.06,100,0.94
Q00693,2026-03-29 21:00:00,Optical Frame,B00693,7,Frame Bend,0.07,100,0.93
Q00694,2026-03-29 22:00:00,Optical Frame,B00694,10,Scratch on Lens,0.1,100,0.9
Q00695,2026-03-29 23:00:00,Contact Lens,B00695,3,Blur Defect,0.03,100,0.97
Q00696,2026-03-30 00:00:00,Prescription Lens,B00696,12,Blur Defect,0.12,100,0.88
Q00697,2026-03-30 01:00:00,Contact Lens,B00697,7,Blur Defect,0.07,100,0.93
Q00698,2026-03-30 02:00:00,Contact Lens,B00698,10,Blur Defect,0.1,100,0.9
Q00699,2026-03-30 03:00:00,Prescription Lens,B00699,3,Frame Bend,0.03,100,0.97
Q00700,2026-03-30 04:00:00,Prescription Lens,B00700,14,Blur Defect,0.14,100,0.86
Q00701,2026-03-30 05:00:00,Optical Frame,B00701,6,Frame Bend,0.06,100,0.94
Q00702,2026-03-30 06:00:00,Prescription Lens,B00702,4,Scratch on Lens,0.04,100,0.96
Q00703,2026-03-30 07:00:00,Prescription Lens,B00703,5,Coating Issue,0.05,100,0.95
Q00704,2026-03-30 08:00:00,Sunglasses,B00704,9,Frame Bend,0.09,100,0.91
Q00705,2026-03-30 09:00:00,Contact Lens,B00705,3,Coating Issue,0.03,100,0.97
Q00706,2026-03-30 10:00:00,Optical Frame,B00706,18,Blur Defect,0.18,100,0.82
Q00707,2026-03-30 11:00:00,Prescription Lens,B00707,8,Scratch on Lens,0.08,100,0.92
Q00708,2026-03-30 12:00:00,Contact Lens,B00708,17,Blur Defect,0.17,100,0.83
Q00709,2026-03-30 13:00:00,Optical Frame,B00709,10,Coating Issue,0.1,100,0.9
Q00710,2026-03-30 14:00:00,Optical Frame,B00710,16,Blur Defect,0.16,100,0.84
Q00711,2026-03-30 15:00:00,Optical Frame,B00711,7,Frame Bend,0.07,100,0.93
Q00712,2026-03-30 16:00:00,Reading Glasses,B00712,3,Frame Bend,0.03,100,0.97
Q00713,2026-03-30 17:00:00,Sunglasses,B00713,13,Frame Bend,0.13,100,0.87
Q00714,2026-03-30 18:00:00,Sunglasses,B00714,8,Frame Bend,0.08,100,0.92
Q00715,2026-03-30 19:00:00,Contact Lens,B00715,13,Coating Issue,0.13,100,0.87
Q00716,2026-03-30 20:00:00,Sunglasses,B00716,0,Blur Defect,0.0,100,1.0
Q00717,2026-03-30 21:00:00,Prescription Lens,B00717,15,Frame Bend,0.15,100,0.85
Q00718,2026-03-30 22:00:00,Contact Lens,B00718,10,Coating Issue,0.1,100,0.9
Q00719,2026-03-30 23:00:00,Contact Lens,B00719,19,Blur Defect,0.19,100,0.81
Q00720,2026-03-31 00:00:00,Prescription Lens,B00720,0,Blur Defect,0.0,100,1.0
Q00721,2026-03-31 01:00:00,Sunglasses,B00721,4,Scratch on Lens,0.04,100,0.96
Q00722,2026-03-31 02:00:00,Reading Glasses,B00722,10,Scratch on Lens,0.1,100,0.9
Q00723,2026-03-31 03:00:00,Contact Lens,B00723,13,Blur Defect,0.13,100,0.87
Q00724,2026-03-31 04:00:00,Contact Lens,B00724,17,Frame Bend,0.17,100,0.83
Q00725,2026-03-31 05:00:00,Reading Glasses,B00725,0,Blur Defect,0.0,100,1.0
Q00726,2026-03-31 06:00:00,Sunglasses,B00726,16,Scratch on Lens,0.16,100,0.84
Q00727,2026-03-31 07:00:00,Reading Glasses,B00727,3,Blur Defect,0.03,100,0.97
Q00728,2026-03-31 08:00:00,Prescription Lens,B00728,10,Scratch on Lens,0.1,100,0.9
Q00729,2026-03-31 09:00:00,Reading Glasses,B00729,16,Coating Issue,0.16,100,0.84
Q00730,2026-03-31 10:00:00,Contact Lens,B00730,11,Frame Bend,0.11,100,0.89
Q00731,2026-03-31 11:00:00,Optical Frame,B00731,18,Blur Defect,0.18,100,0.82
Q00732,2026-03-31 12:00:00,Prescription Lens,B00732,18,Blur Defect,0.18,100,0.82
Q00733,2026-03-31 13:00:00,Contact Lens,B00733,7,Frame Bend,0.07,100,0.93
Q00734,2026-03-31 14:00:00,Prescription Lens,B00734,7,Coating Issue,0.07,100,0.93
Q00735,2026-03-31 15:00:00,Prescription Lens,B00735,1,Coating Issue,0.01,100,0.99
Q00736,2026-03-31 16:00:00,Sunglasses,B00736,0,Blur Defect,0.0,100,1.0
Q00737,2026-03-31 17:00:00,Reading Glasses,B00737,1,Frame Bend,0.01,100,0.99
Q00738,2026-03-31 18:00:00,Contact Lens,B00738,4,Coating Issue,0.04,100,0.96
Q00739,2026-03-31 19:00:00,Reading Glasses,B00739,10,Frame Bend,0.1,100,0.9
Q00740,2026-03-31 20:00:00,Contact Lens,B00740,7,Scratch on Lens,0.07,100,0.93
Q00741,2026-03-31 21:00:00,Sunglasses,B00741,5,Coating Issue,0.05,100,0.95
Q00742,2026-03-31 22:00:00,Prescription Lens,B00742,7,Blur Defect,0.07,100,0.93
Q00743,2026-03-31 23:00:00,Sunglasses,B00743,6,Blur Defect,0.06,100,0.94
Q00744,2026-04-01 00:00:00,Contact Lens,B00744,11,Frame Bend,0.11,100,0.89
Q00745,2026-04-01 01:00:00,Prescription Lens,B00745,10,Frame Bend,0.1,100,0.9
Q00746,2026-04-01 02:00:00,Optical Frame,B00746,0,Blur Defect,0.0,100,1.0
Q00747,2026-04-01 03:00:00,Reading Glasses,B00747,13,Coating Issue,0.13,100,0.87
Q00748,2026-04-01 04:00:00,Sunglasses,B00748,16,Blur Defect,0.16,100,0.84
Q00749,2026-04-01 05:00:00,Optical Frame,B00749,14,Coating Issue,0.14,100,0.86
Q00750,2026-04-01 06:00:00,Optical Frame,B00750,10,Frame Bend,0.1,100,0.9
Q00751,2026-04-01 07:00:00,Optical Frame,B00751,18,Coating Issue,0.18,100,0.82
Q00752,2026-04-01 08:00:00,Prescription Lens,B00752,8,Frame Bend,0.08,100,0.92
Q00753,2026-04-01 09:00:00,Reading Glasses,B00753,1,Blur Defect,0.01,100,0.99
Q00754,2026-04-01 10:00:00,Contact Lens,B00754,10,Coating Issue,0.1,100,0.9
Q00755,2026-04-01 11:00:00,Contact Lens,B00755,0,Coating Issue,0.0,100,1.0
Q00756,2026-04-01 12:00:00,Optical Frame,B00756,15,Frame Bend,0.15,100,0.85
Q00757,2026-04-01 13:00:00,Contact Lens,B00757,0,Scratch on Lens,0.0,100,1.0
Q00758,2026-04-01 14:00:00,Sunglasses,B00758,4,Blur Defect,0.04,100,0.96
Q00759,2026-04-01 15:00:00,Sunglasses,B00759,1,Frame Bend,0.01,100,0.99
Q00760,2026-04-01 16:00:00,Optical Frame,B00760,7,Scratch on Lens,0.07,100,0.93
Q00761,2026-04-01 17:00:00,Reading Glasses,B00761,0,Blur Defect,0.0,100,1.0
Q00762,2026-04-01 18:00:00,Reading Glasses,B00762,16,Blur Defect,0.16,100,0.84
Q00763,2026-04-01 19:00:00,Prescription Lens,B00763,10,Frame Bend,0.1,100,0.9
Q00764,2026-04-01 20:00:00,Prescription Lens,B00764,10,Coating Issue,0.1,100,0.9
Q00765,2026-04-01 21:00:00,Contact Lens,B00765,14,Blur Defect,0.14,100,0.86
Q00766,2026-04-01 22:00:00,Contact Lens,B00766,16,Scratch on Lens,0.16,100,0.84
Q00767,2026-04-01 23:00:00,Optical Frame,B00767,18,Coating Issue,0.18,100,0.82
Q00768,2026-04-02 00:00:00,Optical Frame,B00768,13,Frame Bend,0.13,100,0.87
Q00769,2026-04-02 01:00:00,Prescription Lens,B00769,15,Coating Issue,0.15,100,0.85
Q00770,2026-04-02 02:00:00,Reading Glasses,B00770,5,Coating Issue,0.05,100,0.95
Q00771,2026-04-02 03:00:00,Contact Lens,B00771,7,Frame Bend,0.07,100,0.93
Q00772,2026-04-02 04:00:00,Reading Glasses,B00772,7,Blur Defect,0.07,100,0.93
Q00773,2026-04-02 05:00:00,Optical Frame,B00773,16,Frame Bend,0.16,100,0.84
Q00774,2026-04-02 06:00:00,Reading Glasses,B00774,14,Frame Bend,0.14,100,0.86
Q00775,2026-04-02 07:00:00,Optical Frame,B00775,15,Scratch on Lens,0.15,100,0.85
Q00776,2026-04-02 08:00:00,Sunglasses,B00776,18,Blur Defect,0.18,100,0.82
Q00777,2026-04-02 09:00:00,Prescription Lens,B00777,0,Scratch on Lens,0.0,100,1.0
Q00778,2026-04-02 10:00:00,Optical Frame,B00778,19,Blur Defect,0.19,100,0.81
Q00779,2026-04-02 11:00:00,Prescription Lens,B00779,17,Blur Defect,0.17,100,0.83
Q00780,2026-04-02 12:00:00,Optical Frame,B00780,16,Frame Bend,0.16,100,0.84
Q00781,2026-04-02 13:00:00,Sunglasses,B00781,14,Scratch on Lens,0.14,100,0.86
Q00782,2026-04-02 14:00:00,Prescription Lens,B00782,9,Frame Bend,0.09,100,0.91
Q00783,2026-04-02 15:00:00,Sunglasses,B00783,12,Frame Bend,0.12,100,0.88
Q00784,2026-04-02 16:00:00,Reading Glasses,B00784,6,Coating Issue,0.06,100,0.94
Q00785,2026-04-02 17:00:00,Optical Frame,B00785,6,Blur Defect,0.06,100,0.94
Q00786,2026-04-02 18:00:00,Contact Lens,B00786,7,Coating Issue,0.07,100,0.93
Q00787,2026-04-02 19:00:00,Contact Lens,B00787,7,Coating Issue,0.07,100,0.93
Q00788,2026-04-02 20:00:00,Contact Lens,B00788,10,Scratch on Lens,0.1,100,0.9
Q00789,2026-04-02 21:00:00,Prescription Lens,B00789,15,Scratch on Lens,0.15,100,0.85
Q00790,2026-04-02 22:00:00,Reading Glasses,B00790,17,Blur Defect,0.17,100,0.83
Q00791,2026-04-02 23:00:00,Optical Frame,B00791,0,Frame Bend,0.0,100,1.0
Q00792,2026-04-03 00:00:00,Prescription Lens,B00792,17,Blur Defect,0.17,100,0.83
Q00793,2026-04-03 01:00:00,Optical Frame,B00793,6,Blur Defect,0.06,100,0.94
Q00794,2026-04-03 02:00:00,Reading Glasses,B00794,18,Coating Issue,0.18,100,0.82
Q00795,2026-04-03 03:00:00,Contact Lens,B00795,6,Coating Issue,0.06,100,0.94
Q00796,2026-04-03 04:00:00,Optical Frame,B00796,14,Coating Issue,0.14,100,0.86
Q00797,2026-04-03 05:00:00,Contact Lens,B00797,1,Scratch on Lens,0.01,100,0.99
Q00798,2026-04-03 06:00:00,Reading Glasses,B00798,4,Frame Bend,0.04,100,0.96
Q00799,2026-04-03 07:00:00,Sunglasses,B00799,0,Frame Bend,0.0,100,1.0
Q00800,2026-04-03 08:00:00,Reading Glasses,B00800,17,Scratch on Lens,0.17,100,0.83
Q00801,2026-04-03 09:00:00,Optical Frame,B00801,10,Frame Bend,0.1,100,0.9
Q00802,2026-04-03 10:00:00,Contact Lens,B00802,9,Scratch on Lens,0.09,100,0.91
Q00803,2026-04-03 11:00:00,Sunglasses,B00803,2,Scratch on Lens,0.02,100,0.98
Q00804,2026-04-03 12:00:00,Contact Lens,B00804,8,Frame Bend,0.08,100,0.92
Q00805,2026-04-03 13:00:00,Reading Glasses,B00805,6,Blur Defect,0.06,100,0.94
Q00806,2026-04-03 14:00:00,Reading Glasses,B00806,15,Scratch on Lens,0.15,100,0.85
Q00807,2026-04-03 15:00:00,Contact Lens,B00807,7,Coating Issue,0.07,100,0.93
Q00808,2026-04-03 16:00:00,Sunglasses,B00808,10,Frame Bend,0.1,100,0.9
Q00809,2026-04-03 17:00:00,Contact Lens,B00809,4,Coating Issue,0.04,100,0.96
Q00810,2026-04-03 18:00:00,Prescription Lens,B00810,7,Coating Issue,0.07,100,0.93
Q00811,2026-04-03 19:00:00,Prescription Lens,B00811,10,Blur Defect,0.1,100,0.9
Q00812,2026-04-03 20:00:00,Prescription Lens,B00812,16,Frame Bend,0.16,100,0.84
Q00813,2026-04-03 21:00:00,Reading Glasses,B00813,0,Scratch on Lens,0.0,100,1.0
Q00814,2026-04-03 22:00:00,Contact Lens,B00814,10,Frame Bend,0.1,100,0.9
Q00815,2026-04-03 23:00:00,Optical Frame,B00815,1,Frame Bend,0.01,100,0.99
Q00816,2026-04-04 00:00:00,Sunglasses,B00816,12,Coating Issue,0.12,100,0.88
Q00817,2026-04-04 01:00:00,Sunglasses,B00817,19,Frame Bend,0.19,100,0.81
Q00818,2026-04-04 02:00:00,Sunglasses,B00818,19,Frame Bend,0.19,100,0.81
Q00819,2026-04-04 03:00:00,Prescription Lens,B00819,10,Frame Bend,0.1,100,0.9
Q00820,2026-04-04 04:00:00,Contact Lens,B00820,15,Coating Issue,0.15,100,0.85
Q00821,2026-04-04 05:00:00,Contact Lens,B00821,11,Blur Defect,0.11,100,0.89
Q00822,2026-04-04 06:00:00,Reading Glasses,B00822,4,Blur Defect,0.04,100,0.96
Q00823,2026-04-04 07:00:00,Contact Lens,B00823,17,Blur Defect,0.17,100,0.83
Q00824,2026-04-04 08:00:00,Reading Glasses,B00824,2,Coating Issue,0.02,100,0.98
Q00825,2026-04-04 09:00:00,Reading Glasses,B00825,1,Scratch on Lens,0.01,100,0.99
Q00826,2026-04-04 10:00:00,Prescription Lens,B00826,2,Blur Defect,0.02,100,0.98
Q00827,2026-04-04 11:00:00,Sunglasses,B00827,14,Blur Defect,0.14,100,0.86
Q00828,2026-04-04 12:00:00,Reading Glasses,B00828,3,Blur Defect,0.03,100,0.97
Q00829,2026-04-04 13:00:00,Optical Frame,B00829,1,Blur Defect,0.01,100,0.99
Q00830,2026-04-04 14:00:00,Reading Glasses,B00830,16,Coating Issue,0.16,100,0.84
Q00831,2026-04-04 15:00:00,Sunglasses,B00831,5,Frame Bend,0.05,100,0.95
Q00832,2026-04-04 16:00:00,Sunglasses,B00832,6,Scratch on Lens,0.06,100,0.94
Q00833,2026-04-04 17:00:00,Optical Frame,B00833,10,Scratch on Lens,0.1,100,0.9
Q00834,2026-04-04 18:00:00,Sunglasses,B00834,18,Frame Bend,0.18,100,0.82
Q00835,2026-04-04 19:00:00,Sunglasses,B00835,4,Blur Defect,0.04,100,0.96
Q00836,2026-04-04 20:00:00,Reading Glasses,B00836,6,Scratch on Lens,0.06,100,0.94
Q00837,2026-04-04 21:00:00,Optical Frame,B00837,19,Coating Issue,0.19,100,0.81
Q00838,2026-04-04 22:00:00,Reading Glasses,B00838,15,Blur Defect,0.15,100,0.85
Q00839,2026-04-04 23:00:00,Reading Glasses,B00839,5,Coating Issue,0.05,100,0.95
Q00840,2026-04-05 00:00:00,Sunglasses,B00840,4,Coating Issue,0.04,100,0.96
Q00841,2026-04-05 01:00:00,Optical Frame,B00841,18,Frame Bend,0.18,100,0.82
Q00842,2026-04-05 02:00:00,Optical Frame,B00842,13,Blur Defect,0.13,100,0.87
Q00843,2026-04-05 03:00:00,Reading Glasses,B00843,0,Scratch on Lens,0.0,100,1.0
Q00844,2026-04-05 04:00:00,Reading Glasses,B00844,18,Scratch on Lens,0.18,100,0.82
Q00845,2026-04-05 05:00:00,Reading Glasses,B00845,9,Frame Bend,0.09,100,0.91
Q00846,2026-04-05 06:00:00,Optical Frame,B00846,13,Frame Bend,0.13,100,0.87
Q00847,2026-04-05 07:00:00,Optical Frame,B00847,5,Scratch on Lens,0.05,100,0.95
Q00848,2026-04-05 08:00:00,Optical Frame,B00848,5,Blur Defect,0.05,100,0.95
Q00849,2026-04-05 09:00:00,Sunglasses,B00849,6,Scratch on Lens,0.06,100,0.94
Q00850,2026-04-05 10:00:00,Contact Lens,B00850,0,Blur Defect,0.0,100,1.0
Q00851,2026-04-05 11:00:00,Optical Frame,B00851,7,Blur Defect,0.07,100,0.93
Q00852,2026-04-05 12:00:00,Reading Glasses,B00852,16,Coating Issue,0.16,100,0.84
Q00853,2026-04-05 13:00:00,Prescription Lens,B00853,5,Frame Bend,0.05,100,0.95
Q00854,2026-04-05 14:00:00,Sunglasses,B00854,4,Blur Defect,0.04,100,0.96
Q00855,2026-04-05 15:00:00,Reading Glasses,B00855,8,Blur Defect,0.08,100,0.92
Q00856,2026-04-05 16:00:00,Prescription Lens,B00856,1,Frame Bend,0.01,100,0.99
Q00857,2026-04-05 17:00:00,Optical Frame,B00857,0,Blur Defect,0.0,100,1.0
Q00858,2026-04-05 18:00:00,Prescription Lens,B00858,16,Coating Issue,0.16,100,0.84
Q00859,2026-04-05 19:00:00,Sunglasses,B00859,9,Blur Defect,0.09,100,0.91
Q00860,2026-04-05 20:00:00,Contact Lens,B00860,7,Coating Issue,0.07,100,0.93
Q00861,2026-04-05 21:00:00,Optical Frame,B00861,14,Scratch on Lens,0.14,100,0.86
Q00862,2026-04-05 22:00:00,Optical Frame,B00862,13,Frame Bend,0.13,100,0.87
Q00863,2026-04-05 23:00:00,Prescription Lens,B00863,10,Frame Bend,0.1,100,0.9
Q00864,2026-04-06 00:00:00,Reading Glasses,B00864,6,Frame Bend,0.06,100,0.94
Q00865,2026-04-06 01:00:00,Reading Glasses,B00865,7,Blur Defect,0.07,100,0.93
Q00866,2026-04-06 02:00:00,Optical Frame,B00866,7,Coating Issue,0.07,100,0.93
Q00867,2026-04-06 03:00:00,Contact Lens,B00867,4,Frame Bend,0.04,100,0.96
Q00868,2026-04-06 04:00:00,Optical Frame,B00868,12,Frame Bend,0.12,100,0.88
Q00869,2026-04-06 05:00:00,Optical Frame,B00869,11,Frame Bend,0.11,100,0.89
Q00870,2026-04-06 06:00:00,Optical Frame,B00870,1,Scratch on Lens,0.01,100,0.99
Q00871,2026-04-06 07:00:00,Optical Frame,B00871,17,Blur Defect,0.17,100,0.83
Q00872,2026-04-06 08:00:00,Contact Lens,B00872,6,Coating Issue,0.06,100,0.94
Q00873,2026-04-06 09:00:00,Prescription Lens,B00873,1,Scratch on Lens,0.01,100,0.99
Q00874,2026-04-06 10:00:00,Optical Frame,B00874,7,Scratch on Lens,0.07,100,0.93
Q00875,2026-04-06 11:00:00,Sunglasses,B00875,10,Frame Bend,0.1,100,0.9
Q00876,2026-04-06 12:00:00,Contact Lens,B00876,17,Blur Defect,0.17,100,0.83
Q00877,2026-04-06 13:00:00,Contact Lens,B00877,8,Frame Bend,0.08,100,0.92
Q00878,2026-04-06 14:00:00,Optical Frame,B00878,1,Frame Bend,0.01,100,0.99
Q00879,2026-04-06 15:00:00,Sunglasses,B00879,5,Frame Bend,0.05,100,0.95
Q00880,2026-04-06 16:00:00,Reading Glasses,B00880,17,Coating Issue,0.17,100,0.83
Q00881,2026-04-06 17:00:00,Contact Lens,B00881,7,Scratch on Lens,0.07,100,0.93
Q00882,2026-04-06 18:00:00,Optical Frame,B00882,19,Scratch on Lens,0.19,100,0.81
Q00883,2026-04-06 19:00:00,Contact Lens,B00883,10,Blur Defect,0.1,100,0.9
Q00884,2026-04-06 20:00:00,Sunglasses,B00884,5,Scratch on Lens,0.05,100,0.95
Q00885,2026-04-06 21:00:00,Contact Lens,B00885,10,Frame Bend,0.1,100,0.9
Q00886,2026-04-06 22:00:00,Sunglasses,B00886,2,Scratch on Lens,0.02,100,0.98
Q00887,2026-04-06 23:00:00,Sunglasses,B00887,2,Coating Issue,0.02,100,0.98
Q00888,2026-04-07 00:00:00,Contact Lens,B00888,18,Frame Bend,0.18,100,0.82
Q00889,2026-04-07 01:00:00,Prescription Lens,B00889,7,Frame Bend,0.07,100,0.93
Q00890,2026-04-07 02:00:00,Sunglasses,B00890,4,Coating Issue,0.04,100,0.96
Q00891,2026-04-07 03:00:00,Optical Frame,B00891,10,Blur Defect,0.1,100,0.9
Q00892,2026-04-07 04:00:00,Sunglasses,B00892,16,Blur Defect,0.16,100,0.84
Q00893,2026-04-07 05:00:00,Sunglasses,B00893,9,Blur Defect,0.09,100,0.91
Q00894,2026-04-07 06:00:00,Optical Frame,B00894,5,Scratch on Lens,0.05,100,0.95
Q00895,2026-04-07 07:00:00,Contact Lens,B00895,10,Blur Defect,0.1,100,0.9
Q00896,2026-04-07 08:00:00,Contact Lens,B00896,15,Frame Bend,0.15,100,0.85
Q00897,2026-04-07 09:00:00,Contact Lens,B00897,3,Blur Defect,0.03,100,0.97
Q00898,2026-04-07 10:00:00,Prescription Lens,B00898,13,Scratch on Lens,0.13,100,0.87
Q00899,2026-04-07 11:00:00,Contact Lens,B00899,19,Scratch on Lens,0.19,100,0.81
Q00900,2026-04-07 12:00:00,Reading Glasses,B00900,18,Scratch on Lens,0.18,100,0.82
Q00901,2026-04-07 13:00:00,Sunglasses,B00901,3,Coating Issue,0.03,100,0.97
Q00902,2026-04-07 14:00:00,Optical Frame,B00902,3,Scratch on Lens,0.03,100,0.97
Q00903,2026-04-07 15:00:00,Sunglasses,B00903,17,Blur Defect,0.17,100,0.83
Q00904,2026-04-07 16:00:00,Sunglasses,B00904,1,Coating Issue,0.01,100,0.99
Q00905,2026-04-07 17:00:00,Optical Frame,B00905,14,Coating Issue,0.14,100,0.86
Q00906,2026-04-07 18:00:00,Contact Lens,B00906,3,Frame Bend,0.03,100,0.97
Q00907,2026-04-07 19:00:00,Reading Glasses,B00907,4,Frame Bend,0.04,100,0.96
Q00908,2026-04-07 20:00:00,Optical Frame,B00908,8,Scratch on Lens,0.08,100,0.92
Q00909,2026-04-07 21:00:00,Contact Lens,B00909,7,Frame Bend,0.07,100,0.93
Q00910,2026-04-07 22:00:00,Reading Glasses,B00910,8,Coating Issue,0.08,100,0.92
Q00911,2026-04-07 23:00:00,Contact Lens,B00911,19,Blur Defect,0.19,100,0.81
Q00912,2026-04-08 00:00:00,Contact Lens,B00912,12,Frame Bend,0.12,100,0.88
Q00913,2026-04-08 01:00:00,Reading Glasses,B00913,6,Frame Bend,0.06,100,0.94
Q00914,2026-04-08 02:00:00,Prescription Lens,B00914,6,Scratch on Lens,0.06,100,0.94
Q00915,2026-04-08 03:00:00,Sunglasses,B00915,18,Blur Defect,0.18,100,0.82
Q00916,2026-04-08 04:00:00,Sunglasses,B00916,17,Blur Defect,0.17,100,0.83
Q00917,2026-04-08 05:00:00,Reading Glasses,B00917,6,Coating Issue,0.06,100,0.94
Q00918,2026-04-08 06:00:00,Reading Glasses,B00918,10,Frame Bend,0.1,100,0.9
Q00919,2026-04-08 07:00:00,Reading Glasses,B00919,14,Coating Issue,0.14,100,0.86
Q00920,2026-04-08 08:00:00,Optical Frame,B00920,5,Scratch on Lens,0.05,100,0.95
Q00921,2026-04-08 09:00:00,Optical Frame,B00921,14,Blur Defect,0.14,100,0.86
Q00922,2026-04-08 10:00:00,Optical Frame,B00922,19,Frame Bend,0.19,100,0.81
Q00923,2026-04-08 11:00:00,Optical Frame,B00923,2,Frame Bend,0.02,100,0.98
Q00924,2026-04-08 12:00:00,Reading Glasses,B00924,4,Coating Issue,0.04,100,0.96
Q00925,2026-04-08 13:00:00,Contact Lens,B00925,7,Blur Defect,0.07,100,0.93
Q00926,2026-04-08 14:00:00,Reading Glasses,B00926,12,Coating Issue,0.12,100,0.88
Q00927,2026-04-08 15:00:00,Contact Lens,B00927,6,Coating Issue,0.06,100,0.94
Q00928,2026-04-08 16:00:00,Sunglasses,B00928,3,Coating Issue,0.03,100,0.97
Q00929,2026-04-08 17:00:00,Prescription Lens,B00929,15,Blur Defect,0.15,100,0.85
Q00930,2026-04-08 18:00:00,Sunglasses,B00930,0,Coating Issue,0.0,100,1.0
Q00931,2026-04-08 19:00:00,Contact Lens,B00931,11,Coating Issue,0.11,100,0.89
Q00932,2026-04-08 20:00:00,Optical Frame,B00932,12,Scratch on Lens,0.12,100,0.88
Q00933,2026-04-08 21:00:00,Optical Frame,B00933,19,Frame Bend,0.19,100,0.81
Q00934,2026-04-08 22:00:00,Contact Lens,B00934,5,Blur Defect,0.05,100,0.95
Q00935,2026-04-08 23:00:00,Optical Frame,B00935,8,Coating Issue,0.08,100,0.92
Q00936,2026-04-09 00:00:00,Reading Glasses,B00936,5,Coating Issue,0.05,100,0.95
Q00937,2026-04-09 01:00:00,Contact Lens,B00937,14,Blur Defect,0.14,100,0.86
Q00938,2026-04-09 02:00:00,Contact Lens,B00938,15,Blur Defect,0.15,100,0.85
Q00939,2026-04-09 03:00:00,Optical Frame,B00939,6,Blur Defect,0.06,100,0.94
Q00940,2026-04-09 04:00:00,Contact Lens,B00940,2,Scratch on Lens,0.02,100,0.98
Q00941,2026-04-09 05:00:00,Prescription Lens,B00941,3,Blur Defect,0.03,100,0.97
Q00942,2026-04-09 06:00:00,Optical Frame,B00942,13,Coating Issue,0.13,100,0.87
Q00943,2026-04-09 07:00:00,Sunglasses,B00943,5,Blur Defect,0.05,100,0.95
Q00944,2026-04-09 08:00:00,Sunglasses,B00944,18,Frame Bend,0.18,100,0.82
Q00945,2026-04-09 09:00:00,Reading Glasses,B00945,10,Blur Defect,0.1,100,0.9
Q00946,2026-04-09 10:00:00,Optical Frame,B00946,12,Blur Defect,0.12,100,0.88
Q00947,2026-04-09 11:00:00,Sunglasses,B00947,0,Blur Defect,0.0,100,1.0
Q00948,2026-04-09 12:00:00,Prescription Lens,B00948,4,Frame Bend,0.04,100,0.96
Q00949,2026-04-09 13:00:00,Sunglasses,B00949,16,Coating Issue,0.16,100,0.84
Q00950,2026-04-09 14:00:00,Contact Lens,B00950,8,Blur Defect,0.08,100,0.92
Q00951,2026-04-09 15:00:00,Prescription Lens,B00951,8,Scratch on Lens,0.08,100,0.92
Q00952,2026-04-09 16:00:00,Sunglasses,B00952,14,Blur Defect,0.14,100,0.86
Q00953,2026-04-09 17:00:00,Prescription Lens,B00953,4,Coating Issue,0.04,100,0.96
Q00954,2026-04-09 18:00:00,Optical Frame,B00954,0,Scratch on Lens,0.0,100,1.0
Q00955,2026-04-09 19:00:00,Optical Frame,B00955,6,Frame Bend,0.06,100,0.94
Q00956,2026-04-09 20:00:00,Sunglasses,B00956,12,Coating Issue,0.12,100,0.88
Q00957,2026-04-09 21:00:00,Optical Frame,B00957,11,Blur Defect,0.11,100,0.89
Q00958,2026-04-09 22:00:00,Sunglasses,B00958,17,Frame Bend,0.17,100,0.83
Q00959,2026-04-09 23:00:00,Sunglasses,B00959,0,Coating Issue,0.0,100,1.0
Q00960,2026-04-10 00:00:00,Sunglasses,B00960,15,Coating Issue,0.15,100,0.85
Q00961,2026-04-10 01:00:00,Optical Frame,B00961,15,Coating Issue,0.15,100,0.85
Q00962,2026-04-10 02:00:00,Prescription Lens,B00962,5,Frame Bend,0.05,100,0.95
Q00963,2026-04-10 03:00:00,Optical Frame,B00963,12,Coating Issue,0.12,100,0.88
Q00964,2026-04-10 04:00:00,Optical Frame,B00964,13,Blur Defect,0.13,100,0.87
Q00965,2026-04-10 05:00:00,Prescription Lens,B00965,18,Blur Defect,0.18,100,0.82
Q00966,2026-04-10 06:00:00,Contact Lens,B00966,2,Coating Issue,0.02,100,0.98
Q00967,2026-04-10 07:00:00,Reading Glasses,B00967,0,Scratch on Lens,0.0,100,1.0
Q00968,2026-04-10 08:00:00,Contact Lens,B00968,8,Coating Issue,0.08,100,0.92
Q00969,2026-04-10 09:00:00,Sunglasses,B00969,15,Blur Defect,0.15,100,0.85
Q00970,2026-04-10 10:00:00,Optical Frame,B00970,13,Blur Defect,0.13,100,0.87
Q00971,2026-04-10 11:00:00,Sunglasses,B00971,3,Frame Bend,0.03,100,0.97
Q00972,2026-04-10 12:00:00,Optical Frame,B00972,16,Scratch on Lens,0.16,100,0.84
Q00973,2026-04-10 13:00:00,Sunglasses,B00973,19,Coating Issue,0.19,100,0.81
Q00974,2026-04-10 14:00:00,Prescription Lens,B00974,8,Coating Issue,0.08,100,0.92
Q00975,2026-04-10 15:00:00,Reading Glasses,B00975,17,Blur Defect,0.17,100,0.83
Q00976,2026-04-10 16:00:00,Reading Glasses,B00976,13,Blur Defect,0.13,100,0.87
Q00977,2026-04-10 17:00:00,Reading Glasses,B00977,8,Frame Bend,0.08,100,0.92
Q00978,2026-04-10 18:00:00,Sunglasses,B00978,5,Coating Issue,0.05,100,0.95
Q00979,2026-04-10 19:00:00,Prescription Lens,B00979,1,Coating Issue,0.01,100,0.99
Q00980,2026-04-10 20:00:00,Contact Lens,B00980,6,Blur Defect,0.06,100,0.94
Q00981,2026-04-10 21:00:00,Optical Frame,B00981,18,Blur Defect,0.18,100,0.82
Q00982,2026-04-10 22:00:00,Contact Lens,B00982,6,Scratch on Lens,0.06,100,0.94
Q00983,2026-04-10 23:00:00,Prescription Lens,B00983,19,Blur Defect,0.19,100,0.81
Q00984,2026-04-11 00:00:00,Contact Lens,B00984,10,Scratch on Lens,0.1,100,0.9
Q00985,2026-04-11 01:00:00,Prescription Lens,B00985,1,Coating Issue,0.01,100,0.99
Q00986,2026-04-11 02:00:00,Optical Frame,B00986,5,Coating Issue,0.05,100,0.95
Q00987,2026-04-11 03:00:00,Prescription Lens,B00987,2,Coating Issue,0.02,100,0.98
Q00988,2026-04-11 04:00:00,Optical Frame,B00988,16,Scratch on Lens,0.16,100,0.84
Q00989,2026-04-11 05:00:00,Optical Frame,B00989,16,Frame Bend,0.16,100,0.84
Q00990,2026-04-11 06:00:00,Reading Glasses,B00990,10,Coating Issue,0.1,100,0.9
Q00991,2026-04-11 07:00:00,Reading Glasses,B00991,5,Scratch on Lens,0.05,100,0.95
Q00992,2026-04-11 08:00:00,Optical Frame,B00992,18,Frame Bend,0.18,100,0.82
Q00993,2026-04-11 09:00:00,Reading Glasses,B00993,8,Blur Defect,0.08,100,0.92
Q00994,2026-04-11 10:00:00,Optical Frame,B00994,10,Scratch on Lens,0.1,100,0.9
Q00995,2026-04-11 11:00:00,Sunglasses,B00995,4,Blur Defect,0.04,100,0.96
Q00996,2026-04-11 12:00:00,Sunglasses,B00996,3,Coating Issue,0.03,100,0.97
Q00997,2026-04-11 13:00:00,Prescription Lens,B00997,3,Frame Bend,0.03,100,0.97
Q00998,2026-04-11 14:00:00,Reading Glasses,B00998,7,Coating Issue,0.07,100,0.93
Q00999,2026-04-11 15:00:00,Prescription Lens,B00999,8,Coating Issue,0.08,100,0.92
