Date,Warehouse,SKU,Stock_Level,Reorder_Point,Stock_Status
2026-02-08,Warehouse D,SKU-9218,2395,197,Critical
2026-02-08,Warehouse A,SKU-2115,1099,140,Optimal
2026-02-08,Warehouse C,SKU-1985,1406,118,Critical
2026-02-08,Warehouse B,SKU-5753,4706,352,Excess
2026-02-08,Warehouse A,SKU-1585,531,422,Excess
2026-02-08,Warehouse D,SKU-8945,918,443,Low
2026-02-08,Warehouse D,SKU-7028,166,398,Critical
2026-02-08,Warehouse C,SKU-7589,829,106,Low
2026-02-08,Warehouse A,SKU-1405,1635,368,Critical
2026-02-08,Warehouse D,SKU-8353,851,307,Excess
2026-02-08,Warehouse B,SKU-9610,2077,221,Optimal
2026-02-08,Warehouse B,SKU-1664,1972,175,Optimal
2026-02-08,Warehouse D,SKU-8219,4281,101,Excess
2026-02-08,Warehouse C,SKU-7586,4390,483,Critical
2026-02-08,Warehouse D,SKU-9209,3269,446,Low
2026-02-08,Warehouse A,SKU-5039,441,231,Low
2026-02-08,Warehouse A,SKU-3302,4919,186,Critical
2026-02-08,Warehouse D,SKU-2814,1890,88,Critical
2026-02-08,Warehouse C,SKU-9781,507,262,Low
2026-02-08,Warehouse A,SKU-2771,4329,305,Excess
2026-02-08,Warehouse A,SKU-8869,430,199,Critical
2026-02-08,Warehouse D,SKU-6929,1489,405,Optimal
2026-02-08,Warehouse A,SKU-2327,496,170,Optimal
2026-02-08,Warehouse A,SKU-1207,2028,125,Low
2026-02-09,Warehouse D,SKU-7721,1877,269,Optimal
2026-02-09,Warehouse B,SKU-6989,1067,477,Excess
2026-02-09,Warehouse A,SKU-1748,4571,435,Low
2026-02-09,Warehouse C,SKU-3427,3908,278,Optimal
2026-02-09,Warehouse A,SKU-4193,816,399,Critical
2026-02-09,Warehouse B,SKU-4745,3022,249,Optimal
2026-02-09,Warehouse B,SKU-2179,434,53,Excess
2026-02-09,Warehouse D,SKU-6539,2337,235,Critical
2026-02-09,Warehouse A,SKU-8798,1519,303,Excess
2026-02-09,Warehouse C,SKU-7991,521,183,Low
2026-02-09,Warehouse B,SKU-7989,4609,128,Optimal
2026-02-09,Warehouse C,SKU-8223,711,84,Critical
2026-02-09,Warehouse C,SKU-7947,4616,56,Excess
2026-02-09,Warehouse D,SKU-2109,3434,368,Low
2026-02-09,Warehouse D,SKU-1209,917,126,Optimal
2026-02-09,Warehouse C,SKU-4307,2446,400,Low
2026-02-09,Warehouse C,SKU-6597,2392,138,Critical
2026-02-09,Warehouse C,SKU-4595,2619,322,Critical
2026-02-09,Warehouse C,SKU-7105,181,188,Low
2026-02-10,Warehouse D,SKU-8358,2993,345,Excess
2026-02-10,Warehouse C,SKU-3361,370,230,Excess
2026-02-10,Warehouse C,SKU-7352,4579,78,Optimal
2026-02-10,Warehouse B,SKU-8955,267,499,Low
2026-02-10,Warehouse C,SKU-5156,4068,470,Excess
2026-02-10,Warehouse A,SKU-4738,3589,187,Low
2026-02-10,Warehouse C,SKU-5733,3338,62,Low
2026-02-10,Warehouse D,SKU-8297,434,155,Low
2026-02-10,Warehouse D,SKU-6407,591,89,Critical
2026-02-10,Warehouse B,SKU-2538,4665,106,Optimal
2026-02-10,Warehouse D,SKU-5489,3829,277,Low
2026-02-10,Warehouse D,SKU-5052,4683,331,Excess
2026-02-10,Warehouse D,SKU-8866,2189,82,Critical
2026-02-10,Warehouse C,SKU-2500,826,384,Excess
2026-02-10,Warehouse D,SKU-2898,2461,360,Optimal
2026-02-10,Warehouse A,SKU-2135,4294,442,Excess
2026-02-10,Warehouse D,SKU-2505,4671,380,Excess
2026-02-10,Warehouse A,SKU-8654,3567,396,Optimal
2026-02-10,Warehouse D,SKU-8067,2988,406,Optimal
2026-02-10,Warehouse D,SKU-9863,3750,99,Excess
2026-02-10,Warehouse A,SKU-6231,536,413,Optimal
2026-02-10,Warehouse A,SKU-4052,464,428,Critical
2026-02-10,Warehouse B,SKU-1253,3200,134,Excess
2026-02-10,Warehouse A,SKU-5173,4483,455,Optimal
2026-02-11,Warehouse D,SKU-4151,2203,422,Low
2026-02-11,Warehouse B,SKU-9806,3459,457,Optimal
2026-02-11,Warehouse D,SKU-6876,3302,490,Low
2026-02-11,Warehouse B,SKU-9182,2152,410,Optimal
2026-02-11,Warehouse C,SKU-8531,3736,416,Optimal
2026-02-11,Warehouse A,SKU-2473,3737,144,Excess
2026-02-11,Warehouse D,SKU-1531,2119,143,Low
2026-02-11,Warehouse A,SKU-9467,1774,77,Excess
2026-02-11,Warehouse C,SKU-9959,4596,259,Excess
2026-02-11,Warehouse C,SKU-2307,1996,491,Excess
2026-02-11,Warehouse D,SKU-6775,3387,475,Low
2026-02-11,Warehouse D,SKU-2473,3915,438,Excess
2026-02-11,Warehouse B,SKU-8041,868,204,Critical
2026-02-11,Warehouse D,SKU-8326,341,426,Optimal
2026-02-11,Warehouse B,SKU-8667,3662,160,Low
2026-02-11,Warehouse B,SKU-8819,2824,179,Optimal
2026-02-11,Warehouse C,SKU-7779,1374,117,Excess
2026-02-11,Warehouse A,SKU-2701,846,196,Critical
2026-02-11,Warehouse A,SKU-7934,3509,219,Excess
2026-02-11,Warehouse B,SKU-4541,1103,441,Excess
2026-02-11,Warehouse D,SKU-2081,977,482,Critical
2026-02-11,Warehouse A,SKU-1179,1742,87,Critical
2026-02-11,Warehouse D,SKU-3082,3499,81,Critical
2026-02-12,Warehouse C,SKU-4173,4244,254,Low
2026-02-12,Warehouse A,SKU-8547,1551,325,Optimal
2026-02-12,Warehouse D,SKU-1315,2325,186,Low
2026-02-12,Warehouse D,SKU-5147,807,146,Excess
2026-02-12,Warehouse A,SKU-3002,3050,496,Optimal
2026-02-12,Warehouse B,SKU-9694,1539,459,Optimal
2026-02-12,Warehouse C,SKU-4218,1657,236,Low
2026-02-12,Warehouse C,SKU-2921,254,449,Critical
2026-02-12,Warehouse B,SKU-5834,4287,275,Optimal
2026-02-12,Warehouse C,SKU-1922,2937,117,Excess
2026-02-12,Warehouse D,SKU-9267,2052,380,Low
2026-02-12,Warehouse B,SKU-8037,4118,98,Excess
2026-02-12,Warehouse C,SKU-5860,809,414,Critical
2026-02-12,Warehouse B,SKU-4837,2545,333,Optimal
2026-02-12,Warehouse C,SKU-9362,2080,379,Excess
2026-02-12,Warehouse A,SKU-8222,3611,252,Optimal
2026-02-12,Warehouse D,SKU-8013,738,311,Low
2026-02-12,Warehouse D,SKU-9546,3766,375,Optimal
2026-02-12,Warehouse A,SKU-6230,1280,256,Excess
2026-02-12,Warehouse B,SKU-2928,1483,179,Critical
2026-02-12,Warehouse C,SKU-7229,2979,112,Low
2026-02-13,Warehouse B,SKU-7670,4801,308,Low
2026-02-13,Warehouse A,SKU-6795,871,283,Low
2026-02-13,Warehouse C,SKU-9285,3490,400,Critical
2026-02-13,Warehouse D,SKU-8903,4898,332,Critical
2026-02-13,Warehouse C,SKU-2386,3776,298,Low
2026-02-13,Warehouse A,SKU-7320,997,483,Optimal
2026-02-13,Warehouse B,SKU-2868,3806,137,Excess
2026-02-13,Warehouse A,SKU-6857,1523,117,Low
2026-02-13,Warehouse A,SKU-8545,3851,328,Excess
2026-02-13,Warehouse D,SKU-5235,1023,50,Low
2026-02-13,Warehouse C,SKU-1709,930,132,Critical
2026-02-13,Warehouse D,SKU-2087,3138,198,Critical
2026-02-13,Warehouse C,SKU-7025,934,416,Critical
2026-02-13,Warehouse B,SKU-5600,4323,380,Low
2026-02-13,Warehouse D,SKU-9256,936,369,Critical
2026-02-13,Warehouse C,SKU-2428,3793,390,Low
2026-02-13,Warehouse A,SKU-1654,4416,232,Excess
2026-02-13,Warehouse B,SKU-7343,1778,240,Optimal
2026-02-13,Warehouse A,SKU-3062,3357,109,Excess
2026-02-13,Warehouse D,SKU-5587,1132,452,Excess
2026-02-14,Warehouse C,SKU-9436,374,494,Optimal
2026-02-14,Warehouse D,SKU-6001,1704,242,Excess
2026-02-14,Warehouse D,SKU-6597,1984,413,Critical
2026-02-14,Warehouse A,SKU-5361,965,58,Critical
2026-02-14,Warehouse B,SKU-3842,1777,125,Excess
2026-02-14,Warehouse B,SKU-2550,824,150,Low
2026-02-14,Warehouse C,SKU-1458,3764,285,Critical
2026-02-14,Warehouse B,SKU-1400,4697,265,Critical
2026-02-14,Warehouse D,SKU-7877,396,185,Critical
2026-02-14,Warehouse A,SKU-3143,3087,102,Optimal
2026-02-14,Warehouse B,SKU-9670,2798,139,Excess
2026-02-14,Warehouse B,SKU-2648,930,92,Excess
2026-02-14,Warehouse C,SKU-9783,3663,94,Excess
2026-02-14,Warehouse A,SKU-5285,4767,102,Low
2026-02-14,Warehouse A,SKU-7207,2739,285,Critical
2026-02-14,Warehouse A,SKU-4388,3362,366,Low
2026-02-14,Warehouse A,SKU-4669,432,126,Critical
2026-02-14,Warehouse B,SKU-1874,2304,155,Low
2026-02-14,Warehouse B,SKU-1831,4458,465,Excess
2026-02-14,Warehouse C,SKU-1874,4766,400,Excess
2026-02-15,Warehouse A,SKU-7513,3515,446,Excess
2026-02-15,Warehouse B,SKU-4923,3773,238,Low
2026-02-15,Warehouse A,SKU-4618,4883,361,Low
2026-02-15,Warehouse D,SKU-3917,3278,192,Low
2026-02-15,Warehouse D,SKU-8274,127,359,Optimal
2026-02-15,Warehouse A,SKU-4513,4320,471,Excess
2026-02-15,Warehouse C,SKU-9009,4329,410,Optimal
2026-02-15,Warehouse A,SKU-5706,146,98,Optimal
2026-02-15,Warehouse B,SKU-1271,519,466,Low
2026-02-15,Warehouse D,SKU-5991,1483,122,Low
2026-02-15,Warehouse D,SKU-8014,729,357,Excess
2026-02-15,Warehouse D,SKU-5538,3695,482,Optimal
2026-02-15,Warehouse B,SKU-6311,3948,258,Low
2026-02-15,Warehouse D,SKU-4335,997,229,Low
2026-02-15,Warehouse A,SKU-6785,178,469,Low
2026-02-16,Warehouse D,SKU-2434,2392,66,Critical
2026-02-16,Warehouse C,SKU-6414,3447,206,Low
2026-02-16,Warehouse C,SKU-1970,2023,117,Excess
2026-02-16,Warehouse B,SKU-7692,3811,375,Low
2026-02-16,Warehouse B,SKU-5012,2170,84,Critical
2026-02-16,Warehouse C,SKU-1430,2415,83,Critical
2026-02-16,Warehouse A,SKU-6126,2192,119,Critical
2026-02-16,Warehouse C,SKU-1534,1882,198,Low
2026-02-16,Warehouse C,SKU-9342,3738,135,Excess
2026-02-16,Warehouse D,SKU-9395,4919,63,Excess
2026-02-16,Warehouse C,SKU-8868,2851,323,Excess
2026-02-16,Warehouse B,SKU-7100,2549,108,Excess
2026-02-16,Warehouse A,SKU-7589,1434,306,Excess
2026-02-16,Warehouse B,SKU-4311,1337,270,Optimal
2026-02-16,Warehouse C,SKU-9093,3294,121,Critical
2026-02-16,Warehouse B,SKU-3341,1104,463,Excess
2026-02-16,Warehouse C,SKU-8465,4029,72,Critical
2026-02-17,Warehouse D,SKU-2300,1850,414,Optimal
2026-02-17,Warehouse B,SKU-9747,2947,447,Low
2026-02-17,Warehouse C,SKU-5187,4768,446,Critical
2026-02-17,Warehouse D,SKU-3822,2385,296,Optimal
2026-02-17,Warehouse A,SKU-4984,4397,476,Excess
2026-02-17,Warehouse C,SKU-6804,2232,445,Low
2026-02-17,Warehouse C,SKU-4843,3561,325,Optimal
2026-02-17,Warehouse A,SKU-1821,4421,303,Low
2026-02-17,Warehouse B,SKU-1172,4991,97,Optimal
2026-02-17,Warehouse B,SKU-3405,3243,332,Optimal
2026-02-17,Warehouse B,SKU-6207,4613,270,Low
2026-02-17,Warehouse B,SKU-6828,4416,285,Critical
2026-02-17,Warehouse B,SKU-5673,2107,394,Excess
2026-02-17,Warehouse C,SKU-9398,1817,111,Low
2026-02-17,Warehouse D,SKU-7424,1597,127,Excess
2026-02-17,Warehouse D,SKU-2690,2001,497,Low
2026-02-17,Warehouse A,SKU-9471,1517,163,Low
2026-02-17,Warehouse C,SKU-1026,230,345,Optimal
2026-02-17,Warehouse B,SKU-3957,326,188,Optimal
2026-02-17,Warehouse B,SKU-2549,1072,460,Optimal
2026-02-17,Warehouse A,SKU-3307,1485,350,Optimal
2026-02-18,Warehouse C,SKU-7786,1992,113,Optimal
2026-02-18,Warehouse D,SKU-6523,1951,213,Low
2026-02-18,Warehouse B,SKU-2215,1478,234,Excess
2026-02-18,Warehouse B,SKU-8802,2553,171,Optimal
2026-02-18,Warehouse A,SKU-4555,1025,464,Low
2026-02-18,Warehouse D,SKU-1894,791,248,Excess
2026-02-18,Warehouse D,SKU-2599,3769,152,Low
2026-02-18,Warehouse C,SKU-6706,2992,337,Low
2026-02-18,Warehouse D,SKU-2509,3035,385,Critical
2026-02-18,Warehouse B,SKU-5812,4312,489,Optimal
2026-02-18,Warehouse D,SKU-7830,3831,276,Low
2026-02-18,Warehouse A,SKU-1425,1643,342,Low
2026-02-18,Warehouse D,SKU-8905,3803,156,Excess
2026-02-18,Warehouse B,SKU-2568,1535,241,Low
2026-02-18,Warehouse B,SKU-2262,4890,148,Low
2026-02-18,Warehouse A,SKU-1026,4719,405,Critical
2026-02-18,Warehouse D,SKU-7651,3652,283,Excess
2026-02-18,Warehouse C,SKU-8983,3445,243,Excess
2026-02-19,Warehouse C,SKU-2896,3526,326,Critical
2026-02-19,Warehouse D,SKU-4479,3983,254,Excess
2026-02-19,Warehouse C,SKU-9759,4143,445,Optimal
2026-02-19,Warehouse B,SKU-1758,3474,161,Optimal
2026-02-19,Warehouse A,SKU-9194,4295,57,Excess
2026-02-19,Warehouse D,SKU-9410,650,332,Excess
2026-02-19,Warehouse B,SKU-2212,3929,309,Low
2026-02-19,Warehouse C,SKU-5962,463,451,Low
2026-02-19,Warehouse C,SKU-8727,1919,202,Excess
2026-02-19,Warehouse A,SKU-1561,3679,94,Low
2026-02-19,Warehouse A,SKU-7253,1342,214,Low
2026-02-19,Warehouse C,SKU-2613,4138,82,Critical
2026-02-19,Warehouse D,SKU-4587,331,117,Optimal
2026-02-19,Warehouse A,SKU-6153,4087,371,Optimal
2026-02-19,Warehouse B,SKU-5556,1406,179,Optimal
2026-02-19,Warehouse A,SKU-7257,4682,237,Low
2026-02-19,Warehouse B,SKU-1758,295,350,Excess
2026-02-19,Warehouse C,SKU-9478,2425,489,Excess
2026-02-19,Warehouse A,SKU-6351,3474,190,Critical
2026-02-19,Warehouse A,SKU-6418,229,420,Optimal
2026-02-19,Warehouse A,SKU-7626,2923,213,Optimal
2026-02-19,Warehouse D,SKU-6579,3723,478,Low
2026-02-19,Warehouse C,SKU-9144,2447,185,Excess
2026-02-19,Warehouse D,SKU-7261,1208,473,Optimal
2026-02-20,Warehouse A,SKU-2427,4393,208,Critical
2026-02-20,Warehouse C,SKU-3788,3557,405,Excess
2026-02-20,Warehouse D,SKU-8111,1621,264,Low
2026-02-20,Warehouse C,SKU-1659,730,63,Excess
2026-02-20,Warehouse D,SKU-2424,4361,423,Low
2026-02-20,Warehouse B,SKU-8470,872,389,Critical
2026-02-20,Warehouse C,SKU-1715,315,435,Low
2026-02-20,Warehouse C,SKU-5778,580,420,Excess
2026-02-20,Warehouse C,SKU-8709,3167,308,Excess
2026-02-20,Warehouse D,SKU-2572,3768,453,Optimal
2026-02-20,Warehouse A,SKU-1856,3593,96,Optimal
2026-02-20,Warehouse C,SKU-8344,4124,340,Critical
2026-02-20,Warehouse D,SKU-7725,2922,192,Optimal
2026-02-20,Warehouse D,SKU-4222,3524,238,Critical
2026-02-20,Warehouse C,SKU-2893,1429,57,Optimal
2026-02-20,Warehouse C,SKU-7289,2680,279,Excess
2026-02-20,Warehouse B,SKU-8321,3382,214,Optimal
2026-02-20,Warehouse B,SKU-8193,948,116,Excess
2026-02-20,Warehouse D,SKU-4445,1524,227,Excess
2026-02-21,Warehouse A,SKU-9856,586,132,Excess
2026-02-21,Warehouse D,SKU-6547,1226,273,Low
2026-02-21,Warehouse C,SKU-1562,2481,145,Low
2026-02-21,Warehouse B,SKU-5606,411,318,Low
2026-02-21,Warehouse D,SKU-8573,2354,176,Critical
2026-02-21,Warehouse A,SKU-3899,1388,341,Low
2026-02-21,Warehouse C,SKU-8146,3013,169,Optimal
2026-02-21,Warehouse B,SKU-1353,347,185,Critical
2026-02-21,Warehouse D,SKU-9447,811,280,Optimal
2026-02-21,Warehouse C,SKU-9369,1581,155,Optimal
2026-02-21,Warehouse C,SKU-4644,1669,226,Low
2026-02-21,Warehouse C,SKU-3928,1587,248,Critical
2026-02-21,Warehouse C,SKU-5522,741,453,Low
2026-02-21,Warehouse D,SKU-2093,2067,452,Excess
2026-02-21,Warehouse C,SKU-3759,3134,463,Excess
2026-02-21,Warehouse D,SKU-4131,3486,375,Low
2026-02-21,Warehouse D,SKU-9858,1346,439,Optimal
2026-02-21,Warehouse A,SKU-1228,3105,411,Critical
2026-02-22,Warehouse C,SKU-3394,901,431,Optimal
2026-02-22,Warehouse A,SKU-8680,3824,278,Low
2026-02-22,Warehouse A,SKU-5752,542,208,Low
2026-02-22,Warehouse D,SKU-4190,300,253,Critical
2026-02-22,Warehouse A,SKU-1033,4832,216,Low
2026-02-22,Warehouse A,SKU-7401,1597,77,Excess
2026-02-22,Warehouse A,SKU-1132,1213,268,Excess
2026-02-22,Warehouse C,SKU-9681,2791,252,Critical
2026-02-22,Warehouse B,SKU-7124,4467,239,Excess
2026-02-22,Warehouse C,SKU-4351,965,485,Optimal
2026-02-22,Warehouse D,SKU-9797,417,103,Critical
2026-02-22,Warehouse C,SKU-4710,413,101,Optimal
2026-02-22,Warehouse D,SKU-9583,1623,367,Optimal
2026-02-22,Warehouse B,SKU-8557,3827,360,Critical
2026-02-22,Warehouse D,SKU-4793,2546,192,Excess
2026-02-22,Warehouse A,SKU-1290,4976,347,Critical
2026-02-23,Warehouse C,SKU-4242,1131,173,Excess
2026-02-23,Warehouse A,SKU-2593,918,303,Optimal
2026-02-23,Warehouse A,SKU-5140,3143,315,Optimal
2026-02-23,Warehouse C,SKU-7685,3557,342,Excess
2026-02-23,Warehouse D,SKU-9478,1418,339,Optimal
2026-02-23,Warehouse B,SKU-8193,2488,322,Low
2026-02-23,Warehouse C,SKU-5349,2868,246,Low
2026-02-23,Warehouse A,SKU-6660,1761,465,Excess
2026-02-23,Warehouse C,SKU-9075,1776,71,Low
2026-02-23,Warehouse D,SKU-1846,3069,237,Excess
2026-02-23,Warehouse C,SKU-1348,586,397,Optimal
2026-02-23,Warehouse C,SKU-1125,149,458,Low
2026-02-23,Warehouse C,SKU-4536,158,415,Excess
2026-02-23,Warehouse C,SKU-4046,2295,404,Optimal
2026-02-23,Warehouse D,SKU-8995,2346,126,Excess
2026-02-23,Warehouse D,SKU-9889,2385,268,Critical
2026-02-23,Warehouse B,SKU-2825,2723,276,Optimal
2026-02-23,Warehouse B,SKU-5495,3451,62,Low
2026-02-23,Warehouse D,SKU-3717,1219,292,Optimal
2026-02-24,Warehouse D,SKU-8944,1444,406,Optimal
2026-02-24,Warehouse A,SKU-5431,2542,359,Critical
2026-02-24,Warehouse C,SKU-4776,4527,152,Excess
2026-02-24,Warehouse B,SKU-9089,3508,111,Optimal
2026-02-24,Warehouse D,SKU-4342,466,185,Critical
2026-02-24,Warehouse A,SKU-8388,3628,197,Low
2026-02-24,Warehouse A,SKU-6280,503,222,Optimal
2026-02-24,Warehouse B,SKU-6595,2518,461,Optimal
2026-02-24,Warehouse B,SKU-5744,865,357,Excess
2026-02-24,Warehouse B,SKU-3870,587,87,Critical
2026-02-24,Warehouse A,SKU-8316,4304,317,Critical
2026-02-24,Warehouse C,SKU-1534,3646,459,Excess
2026-02-24,Warehouse B,SKU-1049,356,83,Excess
2026-02-24,Warehouse B,SKU-4562,3384,482,Low
2026-02-24,Warehouse C,SKU-4228,2435,219,Optimal
2026-02-24,Warehouse A,SKU-9805,3424,411,Excess
2026-02-24,Warehouse C,SKU-2431,1068,361,Excess
2026-02-24,Warehouse D,SKU-1169,3716,314,Optimal
2026-02-25,Warehouse D,SKU-7434,1042,324,Low
2026-02-25,Warehouse D,SKU-7713,3992,438,Low
2026-02-25,Warehouse A,SKU-2738,1063,284,Critical
2026-02-25,Warehouse D,SKU-3346,2249,496,Optimal
2026-02-25,Warehouse B,SKU-2702,532,438,Excess
2026-02-25,Warehouse B,SKU-8927,3888,409,Low
2026-02-25,Warehouse B,SKU-2865,1066,177,Low
2026-02-25,Warehouse B,SKU-5763,2912,236,Critical
2026-02-25,Warehouse A,SKU-7997,955,347,Low
2026-02-25,Warehouse D,SKU-7332,4329,320,Excess
2026-02-25,Warehouse D,SKU-1292,2195,289,Low
2026-02-25,Warehouse D,SKU-4293,2746,321,Critical
2026-02-25,Warehouse A,SKU-9204,840,54,Optimal
2026-02-25,Warehouse B,SKU-6321,2294,442,Low
2026-02-25,Warehouse C,SKU-6587,2725,490,Optimal
2026-02-25,Warehouse C,SKU-2479,677,289,Critical
2026-02-25,Warehouse D,SKU-5518,1322,367,Critical
2026-02-26,Warehouse C,SKU-8002,4276,493,Critical
2026-02-26,Warehouse B,SKU-9573,1369,269,Critical
2026-02-26,Warehouse C,SKU-6915,3329,242,Low
2026-02-26,Warehouse D,SKU-6508,4010,160,Excess
2026-02-26,Warehouse A,SKU-2231,4249,399,Optimal
2026-02-26,Warehouse B,SKU-7475,576,247,Optimal
2026-02-26,Warehouse D,SKU-9509,2624,354,Critical
2026-02-26,Warehouse B,SKU-1136,1250,383,Optimal
2026-02-26,Warehouse D,SKU-9121,3534,318,Low
2026-02-26,Warehouse C,SKU-6406,3224,106,Critical
2026-02-26,Warehouse A,SKU-8457,3617,454,Excess
2026-02-26,Warehouse B,SKU-4376,3078,144,Critical
2026-02-26,Warehouse A,SKU-4687,3884,464,Critical
2026-02-26,Warehouse D,SKU-2383,3284,476,Low
2026-02-26,Warehouse D,SKU-7685,646,87,Optimal
2026-02-26,Warehouse D,SKU-4742,4368,79,Excess
2026-02-26,Warehouse C,SKU-3461,4032,416,Optimal
2026-02-26,Warehouse C,SKU-5923,4867,423,Low
2026-02-26,Warehouse B,SKU-1140,4031,354,Optimal
2026-02-26,Warehouse C,SKU-6019,1727,313,Critical
2026-02-26,Warehouse C,SKU-2577,3473,172,Critical
2026-02-26,Warehouse A,SKU-3091,2002,300,Excess
2026-02-26,Warehouse D,SKU-6808,2324,296,Low
2026-02-26,Warehouse B,SKU-3708,1551,332,Optimal
2026-02-27,Warehouse C,SKU-6676,2673,273,Low
2026-02-27,Warehouse B,SKU-5158,3403,271,Optimal
2026-02-27,Warehouse A,SKU-9303,1320,294,Low
2026-02-27,Warehouse C,SKU-4107,3537,129,Excess
2026-02-27,Warehouse B,SKU-3766,2479,316,Optimal
2026-02-27,Warehouse C,SKU-7060,2127,487,Low
2026-02-27,Warehouse D,SKU-9162,3925,408,Excess
2026-02-27,Warehouse C,SKU-8847,2200,158,Excess
2026-02-27,Warehouse A,SKU-1483,1620,390,Critical
2026-02-27,Warehouse B,SKU-2244,1872,100,Excess
2026-02-27,Warehouse A,SKU-1025,600,491,Excess
2026-02-27,Warehouse B,SKU-3747,1882,279,Low
2026-02-27,Warehouse A,SKU-4567,4180,144,Critical
2026-02-27,Warehouse C,SKU-5185,3209,64,Low
2026-02-27,Warehouse A,SKU-9117,3002,462,Critical
2026-02-27,Warehouse A,SKU-4395,4031,176,Excess
2026-02-27,Warehouse A,SKU-7239,4376,304,Optimal
2026-02-27,Warehouse B,SKU-6417,1899,486,Critical
2026-02-27,Warehouse A,SKU-5710,4798,305,Critical
2026-02-27,Warehouse C,SKU-3009,1788,381,Excess
2026-02-27,Warehouse C,SKU-1685,3886,62,Optimal
2026-02-28,Warehouse B,SKU-4137,1497,274,Critical
2026-02-28,Warehouse C,SKU-1941,4551,290,Excess
2026-02-28,Warehouse B,SKU-6130,1415,220,Critical
2026-02-28,Warehouse D,SKU-1375,1675,332,Low
2026-02-28,Warehouse A,SKU-7655,3907,266,Optimal
2026-02-28,Warehouse A,SKU-5997,1326,343,Low
2026-02-28,Warehouse A,SKU-6316,2163,133,Low
2026-02-28,Warehouse B,SKU-4928,841,418,Excess
2026-02-28,Warehouse C,SKU-1895,1488,389,Critical
2026-02-28,Warehouse B,SKU-7022,3468,275,Critical
2026-02-28,Warehouse D,SKU-7173,3268,450,Excess
2026-02-28,Warehouse D,SKU-4127,300,295,Critical
2026-02-28,Warehouse C,SKU-8222,495,376,Excess
2026-02-28,Warehouse A,SKU-5971,4009,486,Critical
2026-02-28,Warehouse C,SKU-4532,3988,459,Critical
2026-02-28,Warehouse A,SKU-5674,4061,425,Optimal
2026-02-28,Warehouse C,SKU-6931,1980,154,Critical
2026-02-28,Warehouse A,SKU-7831,387,161,Critical
2026-03-01,Warehouse A,SKU-7737,3744,412,Excess
2026-03-01,Warehouse C,SKU-6034,2949,467,Low
2026-03-01,Warehouse B,SKU-5341,955,239,Critical
2026-03-01,Warehouse C,SKU-5349,3297,429,Excess
2026-03-01,Warehouse B,SKU-1657,1136,123,Excess
2026-03-01,Warehouse A,SKU-8924,3595,306,Optimal
2026-03-01,Warehouse C,SKU-1646,1639,301,Optimal
2026-03-01,Warehouse C,SKU-9818,1989,269,Optimal
2026-03-01,Warehouse C,SKU-5831,3655,142,Critical
2026-03-01,Warehouse D,SKU-7439,1435,126,Critical
2026-03-01,Warehouse C,SKU-6676,3415,129,Excess
2026-03-01,Warehouse D,SKU-5582,2766,386,Critical
2026-03-01,Warehouse D,SKU-1409,786,222,Critical
2026-03-01,Warehouse D,SKU-7019,2235,101,Optimal
2026-03-01,Warehouse B,SKU-3236,2508,440,Low
2026-03-01,Warehouse D,SKU-8219,497,455,Low
2026-03-01,Warehouse B,SKU-1263,994,311,Critical
2026-03-01,Warehouse B,SKU-4019,3579,459,Low
2026-03-01,Warehouse A,SKU-5898,1844,239,Excess
2026-03-01,Warehouse B,SKU-3375,4669,94,Excess
2026-03-01,Warehouse B,SKU-6507,2272,345,Critical
2026-03-01,Warehouse B,SKU-6387,3730,149,Optimal
2026-03-01,Warehouse C,SKU-8158,2742,346,Low
2026-03-02,Warehouse D,SKU-4045,3711,105,Optimal
2026-03-02,Warehouse A,SKU-2275,598,233,Low
2026-03-02,Warehouse C,SKU-6306,2011,185,Low
2026-03-02,Warehouse C,SKU-1130,350,157,Excess
2026-03-02,Warehouse B,SKU-9331,4598,286,Low
2026-03-02,Warehouse D,SKU-6032,3465,484,Low
2026-03-02,Warehouse D,SKU-9327,4217,400,Optimal
2026-03-02,Warehouse C,SKU-6627,4147,269,Low
2026-03-02,Warehouse B,SKU-8216,2594,102,Excess
2026-03-02,Warehouse D,SKU-3385,1087,60,Excess
2026-03-02,Warehouse C,SKU-7313,1386,96,Excess
2026-03-02,Warehouse B,SKU-7607,4624,76,Optimal
2026-03-02,Warehouse C,SKU-6717,2420,181,Low
2026-03-02,Warehouse A,SKU-3483,3270,381,Low
2026-03-02,Warehouse A,SKU-3732,1479,195,Critical
2026-03-02,Warehouse D,SKU-6137,2028,132,Excess
2026-03-02,Warehouse C,SKU-6018,1540,477,Critical
2026-03-02,Warehouse C,SKU-3044,2881,149,Critical
2026-03-02,Warehouse D,SKU-6850,1901,401,Critical
2026-03-02,Warehouse C,SKU-9639,1015,235,Optimal
2026-03-02,Warehouse D,SKU-4575,2396,52,Critical
2026-03-03,Warehouse C,SKU-9587,3611,370,Critical
2026-03-03,Warehouse C,SKU-9363,180,209,Critical
2026-03-03,Warehouse A,SKU-2470,957,264,Low
2026-03-03,Warehouse C,SKU-5786,1329,178,Critical
2026-03-03,Warehouse A,SKU-3740,1932,99,Critical
2026-03-03,Warehouse B,SKU-5066,1475,337,Low
2026-03-03,Warehouse C,SKU-4996,3294,224,Excess
2026-03-03,Warehouse D,SKU-8074,1440,303,Critical
2026-03-03,Warehouse B,SKU-8531,1812,138,Critical
2026-03-03,Warehouse A,SKU-9063,2379,275,Excess
2026-03-03,Warehouse D,SKU-6220,985,444,Critical
2026-03-03,Warehouse D,SKU-7968,4763,248,Low
2026-03-03,Warehouse B,SKU-1831,4840,183,Critical
2026-03-03,Warehouse D,SKU-8490,3814,450,Optimal
2026-03-03,Warehouse D,SKU-8971,1813,440,Optimal
2026-03-03,Warehouse A,SKU-4115,1031,242,Critical
2026-03-03,Warehouse C,SKU-4163,2378,304,Critical
2026-03-03,Warehouse A,SKU-4412,4131,200,Low
2026-03-03,Warehouse D,SKU-2999,4595,147,Critical
2026-03-03,Warehouse A,SKU-5515,4611,174,Critical
2026-03-03,Warehouse B,SKU-6118,1163,72,Low
2026-03-03,Warehouse C,SKU-1883,4149,250,Critical
2026-03-03,Warehouse D,SKU-5443,4274,437,Excess
2026-03-03,Warehouse B,SKU-4576,436,341,Optimal
2026-03-04,Warehouse A,SKU-4092,4737,308,Critical
2026-03-04,Warehouse C,SKU-4208,2150,373,Critical
2026-03-04,Warehouse B,SKU-4555,2029,290,Excess
2026-03-04,Warehouse B,SKU-5869,3779,70,Low
2026-03-04,Warehouse D,SKU-6262,2043,319,Low
2026-03-04,Warehouse B,SKU-8378,3331,235,Optimal
2026-03-04,Warehouse C,SKU-4284,2805,268,Low
2026-03-04,Warehouse D,SKU-8525,2064,382,Low
2026-03-04,Warehouse B,SKU-6772,909,130,Critical
2026-03-04,Warehouse A,SKU-3092,1358,352,Low
2026-03-04,Warehouse D,SKU-1423,3174,198,Critical
2026-03-04,Warehouse A,SKU-5639,4995,494,Excess
2026-03-04,Warehouse D,SKU-9557,2107,225,Critical
2026-03-04,Warehouse A,SKU-6277,1676,110,Optimal
2026-03-04,Warehouse B,SKU-6659,1169,195,Excess
2026-03-04,Warehouse C,SKU-3829,665,323,Optimal
2026-03-04,Warehouse D,SKU-5131,3592,163,Low
2026-03-04,Warehouse C,SKU-2885,2860,175,Low
2026-03-04,Warehouse A,SKU-7834,4512,256,Low
2026-03-04,Warehouse B,SKU-4409,4781,419,Low
2026-03-04,Warehouse D,SKU-5180,1433,257,Critical
2026-03-04,Warehouse C,SKU-2435,2710,357,Excess
2026-03-04,Warehouse D,SKU-3546,2413,394,Excess
2026-03-04,Warehouse B,SKU-1234,3682,254,Low
2026-03-05,Warehouse D,SKU-3126,2826,442,Optimal
2026-03-05,Warehouse A,SKU-3139,3907,133,Low
2026-03-05,Warehouse D,SKU-8556,1317,411,Optimal
2026-03-05,Warehouse D,SKU-9712,3440,301,Optimal
2026-03-05,Warehouse B,SKU-8275,939,163,Low
2026-03-05,Warehouse D,SKU-4982,2453,412,Low
2026-03-05,Warehouse A,SKU-3365,4936,89,Critical
2026-03-05,Warehouse B,SKU-3579,4644,493,Critical
2026-03-05,Warehouse A,SKU-2578,1499,243,Low
2026-03-05,Warehouse C,SKU-2048,3302,430,Critical
2026-03-05,Warehouse A,SKU-3644,3124,68,Excess
2026-03-05,Warehouse C,SKU-6589,3232,457,Critical
2026-03-05,Warehouse D,SKU-7398,2106,429,Excess
2026-03-05,Warehouse A,SKU-8293,312,342,Excess
2026-03-05,Warehouse A,SKU-5376,949,75,Low
2026-03-05,Warehouse D,SKU-2537,1196,305,Excess
2026-03-05,Warehouse A,SKU-4373,1280,273,Low
2026-03-05,Warehouse C,SKU-2008,3151,218,Excess
2026-03-05,Warehouse C,SKU-9663,2640,236,Low
2026-03-05,Warehouse B,SKU-5660,2127,287,Excess
2026-03-05,Warehouse B,SKU-3278,3846,317,Optimal
2026-03-05,Warehouse A,SKU-2206,615,471,Critical
2026-03-05,Warehouse A,SKU-2650,2380,481,Excess
2026-03-05,Warehouse B,SKU-3930,4526,285,Low
2026-03-06,Warehouse D,SKU-4115,3535,98,Excess
2026-03-06,Warehouse D,SKU-8109,4060,354,Low
2026-03-06,Warehouse C,SKU-3454,1904,137,Critical
2026-03-06,Warehouse A,SKU-8628,1630,335,Excess
2026-03-06,Warehouse A,SKU-7070,4152,339,Optimal
2026-03-06,Warehouse B,SKU-9541,4092,186,Low
2026-03-06,Warehouse D,SKU-1452,3364,132,Critical
2026-03-06,Warehouse C,SKU-4691,327,234,Critical
2026-03-06,Warehouse D,SKU-8435,4523,471,Critical
2026-03-06,Warehouse A,SKU-2408,4288,133,Low
2026-03-06,Warehouse C,SKU-4845,2233,95,Optimal
2026-03-06,Warehouse A,SKU-2731,4549,297,Excess
2026-03-06,Warehouse C,SKU-6144,4127,360,Critical
2026-03-06,Warehouse D,SKU-4706,1192,56,Critical
2026-03-06,Warehouse A,SKU-5356,3607,154,Excess
2026-03-06,Warehouse A,SKU-8946,480,197,Low
2026-03-06,Warehouse A,SKU-1112,1709,118,Excess
2026-03-06,Warehouse A,SKU-2782,3057,455,Critical
2026-03-06,Warehouse D,SKU-6419,659,134,Low
2026-03-06,Warehouse D,SKU-4087,922,174,Excess
2026-03-06,Warehouse A,SKU-4027,2814,205,Optimal
2026-03-06,Warehouse C,SKU-7901,2252,218,Critical
2026-03-06,Warehouse C,SKU-6710,3612,149,Critical
2026-03-06,Warehouse D,SKU-2604,859,226,Optimal
2026-03-07,Warehouse B,SKU-2280,2102,477,Low
2026-03-07,Warehouse D,SKU-3879,217,268,Excess
2026-03-07,Warehouse C,SKU-4108,2695,250,Low
2026-03-07,Warehouse D,SKU-2583,4516,61,Optimal
2026-03-07,Warehouse B,SKU-9278,3551,139,Critical
2026-03-07,Warehouse A,SKU-8295,3694,172,Low
2026-03-07,Warehouse C,SKU-9957,3094,213,Low
2026-03-07,Warehouse B,SKU-5790,1613,74,Critical
2026-03-07,Warehouse A,SKU-2704,3205,164,Low
2026-03-07,Warehouse A,SKU-3325,1750,382,Optimal
2026-03-07,Warehouse C,SKU-8582,2132,415,Low
2026-03-07,Warehouse D,SKU-5353,2260,240,Critical
2026-03-07,Warehouse D,SKU-9042,913,155,Optimal
2026-03-07,Warehouse C,SKU-1443,2132,211,Critical
2026-03-07,Warehouse D,SKU-3362,2589,119,Excess
2026-03-07,Warehouse B,SKU-7082,295,451,Low
2026-03-07,Warehouse A,SKU-8789,3078,124,Excess
2026-03-07,Warehouse D,SKU-9012,651,454,Excess
2026-03-07,Warehouse A,SKU-2562,1603,213,Optimal
2026-03-07,Warehouse C,SKU-1187,463,164,Critical
2026-03-07,Warehouse D,SKU-9071,1926,416,Optimal
2026-03-08,Warehouse D,SKU-4866,2897,188,Excess
2026-03-08,Warehouse A,SKU-4518,2021,281,Excess
2026-03-08,Warehouse C,SKU-7263,1655,411,Low
2026-03-08,Warehouse B,SKU-8042,2208,131,Low
2026-03-08,Warehouse C,SKU-5310,2473,264,Excess
2026-03-08,Warehouse B,SKU-6014,1111,74,Optimal
2026-03-08,Warehouse D,SKU-9023,935,65,Critical
2026-03-08,Warehouse D,SKU-1209,4818,226,Excess
2026-03-08,Warehouse A,SKU-7224,4934,56,Critical
2026-03-08,Warehouse D,SKU-9441,1574,276,Optimal
2026-03-08,Warehouse C,SKU-4948,2370,440,Excess
2026-03-08,Warehouse D,SKU-1071,4404,239,Excess
2026-03-08,Warehouse D,SKU-3728,4183,183,Critical
2026-03-08,Warehouse D,SKU-5792,2390,412,Critical
2026-03-08,Warehouse B,SKU-9699,4309,144,Low
2026-03-08,Warehouse B,SKU-2459,1925,215,Low
2026-03-08,Warehouse B,SKU-4526,1695,279,Low
2026-03-08,Warehouse D,SKU-7152,466,108,Optimal
2026-03-08,Warehouse D,SKU-5310,2122,254,Critical
2026-03-08,Warehouse B,SKU-8576,2359,147,Excess
2026-03-08,Warehouse A,SKU-8259,4661,225,Critical
2026-03-09,Warehouse D,SKU-2537,3998,251,Critical
2026-03-09,Warehouse D,SKU-1131,3040,136,Critical
2026-03-09,Warehouse D,SKU-5845,1953,225,Low
2026-03-09,Warehouse A,SKU-7954,4810,269,Critical
2026-03-09,Warehouse C,SKU-3483,1668,342,Excess
2026-03-09,Warehouse C,SKU-3077,3658,65,Critical
2026-03-09,Warehouse A,SKU-8492,411,436,Critical
2026-03-09,Warehouse D,SKU-7550,758,278,Critical
2026-03-09,Warehouse D,SKU-1191,4932,429,Critical
2026-03-09,Warehouse C,SKU-4019,1160,383,Excess
2026-03-09,Warehouse C,SKU-1039,2509,182,Excess
2026-03-09,Warehouse C,SKU-4089,207,66,Critical
2026-03-09,Warehouse C,SKU-8068,3352,124,Critical
2026-03-09,Warehouse A,SKU-3702,4764,251,Excess
2026-03-09,Warehouse C,SKU-8730,3223,189,Optimal
2026-03-09,Warehouse C,SKU-7625,2290,96,Low
2026-03-09,Warehouse D,SKU-3748,4774,188,Optimal
2026-03-09,Warehouse C,SKU-3761,2573,391,Excess
2026-03-09,Warehouse B,SKU-4863,2825,240,Low
2026-03-09,Warehouse D,SKU-8116,1095,368,Critical
2026-03-09,Warehouse A,SKU-6898,319,204,Low
2026-03-09,Warehouse D,SKU-8897,3335,430,Low
2026-03-09,Warehouse A,SKU-9982,4148,197,Excess
2026-03-10,Warehouse C,SKU-7439,1127,467,Optimal
2026-03-10,Warehouse C,SKU-6451,1559,85,Critical
2026-03-10,Warehouse A,SKU-2841,4171,154,Excess
2026-03-10,Warehouse B,SKU-1368,1613,138,Critical
2026-03-10,Warehouse B,SKU-2905,946,291,Excess
2026-03-10,Warehouse C,SKU-5493,421,239,Critical
2026-03-10,Warehouse C,SKU-5045,774,103,Low
2026-03-10,Warehouse A,SKU-9115,2844,145,Excess
2026-03-10,Warehouse B,SKU-9462,4781,134,Low
2026-03-10,Warehouse A,SKU-3340,454,481,Excess
2026-03-10,Warehouse C,SKU-2606,4735,281,Low
2026-03-10,Warehouse D,SKU-6062,703,245,Excess
2026-03-10,Warehouse A,SKU-5735,2587,407,Excess
2026-03-10,Warehouse C,SKU-2090,2403,215,Critical
2026-03-10,Warehouse C,SKU-4003,4800,442,Low
2026-03-10,Warehouse D,SKU-9410,2930,226,Critical
2026-03-10,Warehouse A,SKU-6324,3827,336,Critical
2026-03-10,Warehouse C,SKU-8667,4829,221,Optimal
2026-03-10,Warehouse B,SKU-5438,2057,219,Optimal
2026-03-10,Warehouse C,SKU-3107,3845,482,Excess
2026-03-10,Warehouse C,SKU-7180,3969,159,Low
2026-03-10,Warehouse B,SKU-3736,1426,226,Low
2026-03-10,Warehouse C,SKU-2769,3314,132,Optimal
2026-03-11,Warehouse A,SKU-3141,1750,135,Optimal
2026-03-11,Warehouse B,SKU-7571,1712,86,Excess
2026-03-11,Warehouse B,SKU-7037,3957,114,Critical
2026-03-11,Warehouse A,SKU-2762,4730,136,Critical
2026-03-11,Warehouse B,SKU-1449,2145,338,Excess
2026-03-11,Warehouse C,SKU-8711,1209,426,Excess
2026-03-11,Warehouse A,SKU-7928,730,326,Excess
2026-03-11,Warehouse A,SKU-3031,4681,137,Low
2026-03-11,Warehouse C,SKU-4627,4003,385,Excess
2026-03-11,Warehouse A,SKU-7209,4237,279,Critical
2026-03-11,Warehouse B,SKU-2561,2156,199,Optimal
2026-03-11,Warehouse C,SKU-5936,4643,253,Optimal
2026-03-11,Warehouse D,SKU-4052,2191,83,Critical
2026-03-11,Warehouse C,SKU-6375,4616,432,Excess
2026-03-11,Warehouse C,SKU-6649,3440,205,Optimal
2026-03-11,Warehouse C,SKU-1327,2215,72,Optimal
2026-03-11,Warehouse B,SKU-5086,3783,485,Low
2026-03-11,Warehouse B,SKU-6319,1014,149,Critical
2026-03-11,Warehouse D,SKU-7441,709,83,Excess
2026-03-11,Warehouse D,SKU-1084,2302,224,Optimal
2026-03-12,Warehouse D,SKU-8374,2883,179,Low
2026-03-12,Warehouse C,SKU-9411,4427,322,Low
2026-03-12,Warehouse D,SKU-9541,3889,338,Low
2026-03-12,Warehouse C,SKU-4997,3143,186,Optimal
2026-03-12,Warehouse A,SKU-3063,1324,386,Low
2026-03-12,Warehouse A,SKU-3539,4891,456,Critical
2026-03-12,Warehouse C,SKU-3618,811,313,Excess
2026-03-12,Warehouse A,SKU-6851,4692,303,Critical
2026-03-12,Warehouse D,SKU-2584,1940,93,Optimal
2026-03-12,Warehouse D,SKU-6622,4122,387,Critical
2026-03-12,Warehouse A,SKU-5201,4173,270,Optimal
2026-03-12,Warehouse B,SKU-2753,388,487,Excess
2026-03-12,Warehouse A,SKU-3676,4899,252,Optimal
2026-03-12,Warehouse B,SKU-1631,1609,84,Critical
2026-03-12,Warehouse B,SKU-9641,4114,113,Optimal
2026-03-12,Warehouse B,SKU-9750,1231,487,Optimal
2026-03-12,Warehouse D,SKU-9318,3656,272,Excess
2026-03-12,Warehouse C,SKU-3794,964,195,Low
2026-03-12,Warehouse D,SKU-1210,3755,364,Excess
2026-03-12,Warehouse C,SKU-6592,799,361,Optimal
2026-03-13,Warehouse B,SKU-2541,3741,86,Excess
2026-03-13,Warehouse A,SKU-8788,4541,312,Optimal
2026-03-13,Warehouse A,SKU-8670,716,426,Optimal
2026-03-13,Warehouse D,SKU-9306,4373,288,Optimal
2026-03-13,Warehouse D,SKU-2051,591,280,Excess
2026-03-13,Warehouse D,SKU-2521,3976,67,Optimal
2026-03-13,Warehouse C,SKU-7841,3448,124,Excess
2026-03-13,Warehouse B,SKU-5082,3007,466,Low
2026-03-13,Warehouse D,SKU-2625,481,195,Excess
2026-03-13,Warehouse C,SKU-8283,2535,400,Excess
2026-03-13,Warehouse C,SKU-4656,3335,362,Low
2026-03-13,Warehouse C,SKU-2543,2923,325,Excess
2026-03-13,Warehouse C,SKU-6103,1817,425,Critical
2026-03-13,Warehouse B,SKU-2200,1786,424,Critical
2026-03-13,Warehouse C,SKU-1925,4211,316,Excess
2026-03-13,Warehouse A,SKU-2760,1099,171,Excess
2026-03-14,Warehouse D,SKU-3722,3571,103,Optimal
2026-03-14,Warehouse C,SKU-5511,1871,251,Low
2026-03-14,Warehouse C,SKU-1527,1783,151,Low
2026-03-14,Warehouse A,SKU-9135,2918,488,Excess
2026-03-14,Warehouse C,SKU-4524,812,156,Critical
2026-03-14,Warehouse A,SKU-2629,4847,189,Critical
2026-03-14,Warehouse A,SKU-8683,3211,281,Optimal
2026-03-14,Warehouse D,SKU-6795,4504,246,Excess
2026-03-14,Warehouse B,SKU-4461,712,348,Excess
2026-03-14,Warehouse C,SKU-2615,4948,150,Optimal
2026-03-14,Warehouse C,SKU-8827,4530,375,Low
2026-03-14,Warehouse A,SKU-4410,3917,235,Low
2026-03-14,Warehouse C,SKU-6574,1745,157,Critical
2026-03-14,Warehouse C,SKU-2657,3779,113,Optimal
2026-03-14,Warehouse C,SKU-9525,1521,358,Excess
2026-03-14,Warehouse D,SKU-5019,4954,230,Optimal
2026-03-14,Warehouse A,SKU-5830,4436,198,Critical
2026-03-14,Warehouse B,SKU-6358,2688,68,Optimal
2026-03-14,Warehouse D,SKU-7639,4526,379,Critical
2026-03-14,Warehouse D,SKU-9829,2085,90,Low
2026-03-14,Warehouse D,SKU-7031,774,228,Critical
2026-03-14,Warehouse C,SKU-1967,706,275,Optimal
2026-03-14,Warehouse D,SKU-2199,4511,224,Optimal
2026-03-15,Warehouse D,SKU-3095,658,226,Excess
2026-03-15,Warehouse B,SKU-2963,3706,158,Optimal
2026-03-15,Warehouse A,SKU-9305,193,50,Critical
2026-03-15,Warehouse B,SKU-4071,4234,376,Low
2026-03-15,Warehouse A,SKU-1067,1233,94,Excess
2026-03-15,Warehouse B,SKU-6441,934,377,Critical
2026-03-15,Warehouse D,SKU-2104,4121,441,Optimal
2026-03-15,Warehouse D,SKU-5087,590,101,Low
2026-03-15,Warehouse C,SKU-2655,784,166,Low
2026-03-15,Warehouse A,SKU-3402,248,101,Critical
2026-03-15,Warehouse D,SKU-1452,1101,248,Critical
2026-03-15,Warehouse C,SKU-6013,4050,95,Excess
2026-03-15,Warehouse A,SKU-5262,3522,371,Low
2026-03-15,Warehouse B,SKU-4230,4993,351,Excess
2026-03-15,Warehouse C,SKU-8795,3532,153,Optimal
2026-03-15,Warehouse B,SKU-4890,1622,251,Optimal
2026-03-15,Warehouse B,SKU-1869,275,327,Low
2026-03-15,Warehouse D,SKU-2731,1069,412,Excess
2026-03-15,Warehouse B,SKU-5031,530,381,Optimal
2026-03-15,Warehouse A,SKU-8643,856,80,Optimal
2026-03-15,Warehouse D,SKU-2576,3151,468,Low
2026-03-15,Warehouse C,SKU-8858,295,344,Low
2026-03-15,Warehouse B,SKU-4503,1043,84,Optimal
2026-03-16,Warehouse B,SKU-6459,2003,144,Optimal
2026-03-16,Warehouse B,SKU-6157,4829,475,Optimal
2026-03-16,Warehouse D,SKU-8722,4046,403,Excess
2026-03-16,Warehouse B,SKU-3206,821,400,Critical
2026-03-16,Warehouse D,SKU-6292,1286,140,Critical
2026-03-16,Warehouse B,SKU-1587,2319,470,Excess
2026-03-16,Warehouse B,SKU-9627,275,137,Low
2026-03-16,Warehouse C,SKU-8106,922,195,Optimal
2026-03-16,Warehouse C,SKU-3706,3769,171,Excess
2026-03-16,Warehouse C,SKU-5977,2635,306,Critical
2026-03-16,Warehouse B,SKU-4942,649,146,Low
2026-03-16,Warehouse D,SKU-5422,3670,491,Low
2026-03-16,Warehouse B,SKU-5349,1771,361,Low
2026-03-16,Warehouse D,SKU-5419,1717,236,Excess
2026-03-16,Warehouse D,SKU-1192,2405,113,Critical
2026-03-17,Warehouse C,SKU-1768,4717,482,Excess
2026-03-17,Warehouse B,SKU-5347,3065,57,Critical
2026-03-17,Warehouse B,SKU-2500,4473,492,Low
2026-03-17,Warehouse D,SKU-1877,4174,263,Excess
2026-03-17,Warehouse C,SKU-1113,114,89,Optimal
2026-03-17,Warehouse B,SKU-3979,2768,382,Excess
2026-03-17,Warehouse A,SKU-9180,195,347,Critical
2026-03-17,Warehouse B,SKU-8062,3976,447,Low
2026-03-17,Warehouse C,SKU-7233,2244,345,Low
2026-03-17,Warehouse C,SKU-4855,4894,379,Low
2026-03-17,Warehouse D,SKU-5353,1449,183,Excess
2026-03-17,Warehouse A,SKU-7830,4429,420,Excess
2026-03-17,Warehouse A,SKU-4528,1912,494,Excess
2026-03-17,Warehouse A,SKU-1170,1785,107,Critical
2026-03-17,Warehouse A,SKU-9903,1539,96,Optimal
2026-03-17,Warehouse B,SKU-4054,350,324,Excess
2026-03-17,Warehouse D,SKU-8893,2022,431,Excess
2026-03-17,Warehouse B,SKU-3616,1134,367,Excess
2026-03-17,Warehouse B,SKU-4446,1438,450,Optimal
2026-03-17,Warehouse B,SKU-8668,4699,286,Optimal
2026-03-17,Warehouse D,SKU-7019,584,319,Low
2026-03-18,Warehouse D,SKU-3142,4838,466,Excess
2026-03-18,Warehouse C,SKU-1387,934,464,Optimal
2026-03-18,Warehouse B,SKU-8940,2353,275,Low
2026-03-18,Warehouse C,SKU-4817,2877,118,Critical
2026-03-18,Warehouse A,SKU-7548,287,78,Critical
2026-03-18,Warehouse A,SKU-3126,2555,482,Critical
2026-03-18,Warehouse D,SKU-3951,3910,80,Critical
2026-03-18,Warehouse A,SKU-8830,3356,412,Excess
2026-03-18,Warehouse D,SKU-1865,421,233,Excess
2026-03-18,Warehouse D,SKU-9862,937,483,Low
2026-03-18,Warehouse C,SKU-3745,1871,119,Low
2026-03-18,Warehouse D,SKU-5248,2972,175,Low
2026-03-18,Warehouse A,SKU-2882,658,375,Critical
2026-03-18,Warehouse D,SKU-5945,1173,383,Optimal
2026-03-18,Warehouse D,SKU-7447,4946,248,Optimal
2026-03-18,Warehouse C,SKU-4070,2344,491,Optimal
2026-03-18,Warehouse C,SKU-1175,3231,325,Excess
2026-03-18,Warehouse D,SKU-3080,2281,449,Low
2026-03-18,Warehouse B,SKU-4947,1333,476,Excess
2026-03-18,Warehouse D,SKU-2446,4419,361,Critical
2026-03-18,Warehouse C,SKU-8485,2636,348,Critical
2026-03-18,Warehouse C,SKU-1298,998,346,Low
2026-03-19,Warehouse B,SKU-6230,4442,251,Excess
2026-03-19,Warehouse C,SKU-1826,3169,117,Excess
2026-03-19,Warehouse C,SKU-7950,2717,148,Optimal
2026-03-19,Warehouse D,SKU-5484,4549,173,Low
2026-03-19,Warehouse B,SKU-2184,4255,116,Optimal
2026-03-19,Warehouse C,SKU-2453,1064,76,Excess
2026-03-19,Warehouse B,SKU-9766,1871,67,Critical
2026-03-19,Warehouse C,SKU-5339,1675,156,Optimal
2026-03-19,Warehouse D,SKU-5875,1018,245,Low
2026-03-19,Warehouse C,SKU-5655,4751,409,Critical
2026-03-19,Warehouse B,SKU-3369,3139,218,Excess
2026-03-19,Warehouse A,SKU-9561,1010,188,Low
2026-03-19,Warehouse B,SKU-8680,1872,358,Critical
2026-03-19,Warehouse D,SKU-4742,2416,389,Critical
2026-03-19,Warehouse D,SKU-6292,2945,51,Optimal
2026-03-19,Warehouse C,SKU-6806,4161,246,Excess
2026-03-19,Warehouse B,SKU-5287,384,303,Optimal
2026-03-19,Warehouse A,SKU-3694,3560,302,Excess
2026-03-19,Warehouse A,SKU-4653,1617,215,Excess
2026-03-19,Warehouse C,SKU-1976,3956,51,Excess
2026-03-19,Warehouse A,SKU-4049,4738,414,Excess
2026-03-19,Warehouse C,SKU-5237,4696,402,Low
2026-03-20,Warehouse B,SKU-3466,4466,418,Excess
2026-03-20,Warehouse A,SKU-8451,4098,265,Low
2026-03-20,Warehouse B,SKU-3755,159,145,Critical
2026-03-20,Warehouse D,SKU-3538,1965,308,Low
2026-03-20,Warehouse C,SKU-8394,2339,304,Low
2026-03-20,Warehouse D,SKU-9182,1502,393,Low
2026-03-20,Warehouse D,SKU-3523,4247,280,Excess
2026-03-20,Warehouse B,SKU-8279,3588,242,Optimal
2026-03-20,Warehouse B,SKU-1399,3366,396,Critical
2026-03-20,Warehouse D,SKU-9767,1195,119,Excess
2026-03-20,Warehouse D,SKU-6012,2812,183,Critical
2026-03-20,Warehouse B,SKU-9096,4122,447,Critical
2026-03-20,Warehouse A,SKU-1550,3649,97,Excess
2026-03-20,Warehouse A,SKU-1542,1870,123,Excess
2026-03-20,Warehouse C,SKU-2003,4943,52,Optimal
2026-03-20,Warehouse B,SKU-5599,4650,176,Critical
2026-03-20,Warehouse C,SKU-7818,4140,414,Critical
2026-03-20,Warehouse D,SKU-8450,3523,258,Optimal
2026-03-20,Warehouse B,SKU-7198,3928,335,Low
2026-03-20,Warehouse C,SKU-2193,4212,138,Low
2026-03-20,Warehouse D,SKU-7927,3450,114,Critical
2026-03-20,Warehouse C,SKU-8898,4325,469,Optimal
2026-03-20,Warehouse A,SKU-6138,2892,255,Excess
2026-03-20,Warehouse B,SKU-2029,3299,168,Optimal
2026-03-21,Warehouse C,SKU-3044,4363,184,Excess
2026-03-21,Warehouse B,SKU-2728,1316,356,Excess
2026-03-21,Warehouse D,SKU-9994,1665,301,Critical
2026-03-21,Warehouse C,SKU-4154,2754,494,Critical
2026-03-21,Warehouse D,SKU-2291,2453,317,Low
2026-03-21,Warehouse C,SKU-8956,2002,369,Critical
2026-03-21,Warehouse C,SKU-9588,4142,91,Optimal
2026-03-21,Warehouse C,SKU-9516,1227,97,Excess
2026-03-21,Warehouse B,SKU-4531,1279,52,Excess
2026-03-21,Warehouse C,SKU-2752,4498,416,Critical
2026-03-21,Warehouse B,SKU-6951,2986,353,Critical
2026-03-21,Warehouse D,SKU-5527,1306,370,Excess
2026-03-21,Warehouse C,SKU-3572,4174,205,Optimal
2026-03-21,Warehouse C,SKU-7719,1315,324,Optimal
2026-03-21,Warehouse A,SKU-6945,3179,126,Low
2026-03-21,Warehouse D,SKU-6591,892,362,Low
2026-03-22,Warehouse D,SKU-4192,4330,133,Optimal
2026-03-22,Warehouse C,SKU-2040,1563,205,Optimal
2026-03-22,Warehouse A,SKU-6488,1009,396,Low
2026-03-22,Warehouse A,SKU-3285,3347,174,Critical
2026-03-22,Warehouse C,SKU-5364,4217,201,Low
2026-03-22,Warehouse D,SKU-4995,562,70,Low
2026-03-22,Warehouse D,SKU-8276,2098,482,Low
2026-03-22,Warehouse D,SKU-4388,782,86,Optimal
2026-03-22,Warehouse A,SKU-7519,837,51,Low
2026-03-22,Warehouse B,SKU-3020,4608,237,Excess
2026-03-22,Warehouse A,SKU-1646,2248,279,Optimal
2026-03-22,Warehouse B,SKU-2778,1062,376,Critical
2026-03-22,Warehouse A,SKU-3034,3552,257,Excess
2026-03-22,Warehouse A,SKU-6097,4294,347,Critical
2026-03-22,Warehouse D,SKU-7316,2597,231,Excess
2026-03-22,Warehouse A,SKU-8919,754,245,Optimal
2026-03-22,Warehouse A,SKU-7481,1269,113,Critical
2026-03-22,Warehouse C,SKU-5335,4258,75,Excess
2026-03-22,Warehouse B,SKU-1682,2474,193,Excess
2026-03-22,Warehouse C,SKU-8023,3902,114,Low
2026-03-23,Warehouse C,SKU-2831,2020,204,Optimal
2026-03-23,Warehouse A,SKU-5838,2708,101,Low
2026-03-23,Warehouse D,SKU-5472,391,255,Critical
2026-03-23,Warehouse C,SKU-7319,2149,200,Optimal
2026-03-23,Warehouse D,SKU-4727,1197,416,Optimal
2026-03-23,Warehouse A,SKU-8985,2225,51,Optimal
2026-03-23,Warehouse D,SKU-9820,4997,343,Low
2026-03-23,Warehouse C,SKU-1095,2770,483,Excess
2026-03-23,Warehouse A,SKU-3179,4310,405,Low
2026-03-23,Warehouse D,SKU-7854,356,441,Optimal
2026-03-23,Warehouse D,SKU-1814,1492,180,Critical
2026-03-23,Warehouse B,SKU-2850,1344,429,Excess
2026-03-23,Warehouse D,SKU-9196,3478,367,Optimal
2026-03-23,Warehouse A,SKU-9483,3427,235,Optimal
2026-03-23,Warehouse A,SKU-3257,470,442,Low
2026-03-23,Warehouse D,SKU-8784,2326,452,Excess
2026-03-23,Warehouse D,SKU-2112,3012,196,Critical
2026-03-23,Warehouse D,SKU-1741,2535,440,Critical
2026-03-23,Warehouse C,SKU-6791,4307,68,Critical
2026-03-23,Warehouse A,SKU-1576,2910,70,Low
2026-03-23,Warehouse D,SKU-8970,2859,264,Critical
2026-03-23,Warehouse A,SKU-8232,2863,423,Excess
2026-03-23,Warehouse B,SKU-8656,1727,192,Optimal
2026-03-23,Warehouse B,SKU-7064,4763,282,Critical
2026-03-24,Warehouse D,SKU-5171,4571,314,Critical
2026-03-24,Warehouse B,SKU-6004,834,337,Optimal
2026-03-24,Warehouse B,SKU-5023,2730,416,Excess
2026-03-24,Warehouse C,SKU-2663,1136,329,Optimal
2026-03-24,Warehouse D,SKU-8219,4379,280,Excess
2026-03-24,Warehouse A,SKU-5467,3919,50,Low
2026-03-24,Warehouse B,SKU-6504,4379,74,Excess
2026-03-24,Warehouse D,SKU-9339,2730,492,Optimal
2026-03-24,Warehouse D,SKU-2612,1402,202,Excess
2026-03-24,Warehouse C,SKU-3882,4109,159,Excess
2026-03-24,Warehouse C,SKU-6472,4010,297,Critical
2026-03-24,Warehouse A,SKU-8799,1253,428,Low
2026-03-24,Warehouse C,SKU-9909,1980,330,Optimal
2026-03-24,Warehouse B,SKU-2142,927,169,Low
2026-03-24,Warehouse C,SKU-2184,3536,56,Critical
2026-03-24,Warehouse B,SKU-6590,4741,231,Optimal
2026-03-24,Warehouse D,SKU-6727,4552,424,Critical
2026-03-24,Warehouse C,SKU-9321,176,215,Low
2026-03-24,Warehouse C,SKU-9626,3152,299,Excess
2026-03-24,Warehouse B,SKU-4757,4032,377,Excess
2026-03-24,Warehouse D,SKU-7943,2085,457,Excess
2026-03-24,Warehouse C,SKU-1998,277,337,Low
2026-03-24,Warehouse C,SKU-5610,3884,302,Critical
2026-03-24,Warehouse D,SKU-4170,2939,306,Optimal
2026-03-25,Warehouse C,SKU-2325,2513,147,Optimal
2026-03-25,Warehouse A,SKU-7785,1856,273,Low
2026-03-25,Warehouse D,SKU-8134,2447,337,Low
2026-03-25,Warehouse D,SKU-2345,3764,476,Excess
2026-03-25,Warehouse C,SKU-9859,3239,260,Low
2026-03-25,Warehouse B,SKU-5208,913,179,Excess
2026-03-25,Warehouse B,SKU-6923,2466,440,Low
2026-03-25,Warehouse B,SKU-1680,4243,249,Critical
2026-03-25,Warehouse B,SKU-7874,498,429,Excess
2026-03-25,Warehouse C,SKU-1276,1675,227,Low
2026-03-25,Warehouse D,SKU-5955,764,383,Critical
2026-03-25,Warehouse B,SKU-2528,1403,262,Critical
2026-03-25,Warehouse A,SKU-7359,3746,232,Low
2026-03-25,Warehouse A,SKU-6556,124,310,Low
2026-03-25,Warehouse C,SKU-4579,123,68,Optimal
2026-03-25,Warehouse A,SKU-2026,1628,232,Excess
2026-03-25,Warehouse C,SKU-7160,3587,295,Critical
2026-03-25,Warehouse D,SKU-4289,1370,485,Low
2026-03-25,Warehouse A,SKU-2862,608,127,Optimal
2026-03-25,Warehouse D,SKU-9085,3454,192,Optimal
2026-03-25,Warehouse D,SKU-1600,321,266,Optimal
2026-03-25,Warehouse D,SKU-6050,3521,184,Critical
2026-03-25,Warehouse D,SKU-2349,3035,125,Excess
2026-03-25,Warehouse D,SKU-5023,2873,74,Low
2026-03-26,Warehouse A,SKU-4437,2392,194,Optimal
2026-03-26,Warehouse A,SKU-3451,745,137,Critical
2026-03-26,Warehouse C,SKU-2878,4447,206,Excess
2026-03-26,Warehouse B,SKU-8940,193,306,Critical
2026-03-26,Warehouse B,SKU-3026,3927,386,Optimal
2026-03-26,Warehouse A,SKU-9516,1478,64,Optimal
2026-03-26,Warehouse B,SKU-3906,2303,260,Excess
2026-03-26,Warehouse D,SKU-1957,2020,343,Excess
2026-03-26,Warehouse B,SKU-9980,2335,470,Excess
2026-03-26,Warehouse B,SKU-4072,1220,269,Low
2026-03-26,Warehouse C,SKU-3953,1471,178,Optimal
2026-03-26,Warehouse B,SKU-4176,1693,217,Low
2026-03-26,Warehouse D,SKU-3704,3426,475,Low
2026-03-26,Warehouse B,SKU-8225,1084,205,Low
2026-03-26,Warehouse D,SKU-9062,3467,380,Low
2026-03-27,Warehouse D,SKU-1886,1711,186,Critical
2026-03-27,Warehouse D,SKU-7797,751,145,Excess
2026-03-27,Warehouse D,SKU-8386,2368,491,Optimal
2026-03-27,Warehouse D,SKU-5475,1074,233,Excess
2026-03-27,Warehouse D,SKU-9907,2105,103,Excess
2026-03-27,Warehouse D,SKU-6579,808,138,Critical
2026-03-27,Warehouse B,SKU-3068,3457,355,Optimal
2026-03-27,Warehouse D,SKU-9557,1809,154,Optimal
2026-03-27,Warehouse D,SKU-1728,335,166,Excess
2026-03-27,Warehouse C,SKU-4652,2925,414,Optimal
2026-03-27,Warehouse D,SKU-5499,2923,201,Excess
2026-03-27,Warehouse A,SKU-8385,1811,358,Excess
2026-03-27,Warehouse A,SKU-4792,471,63,Critical
2026-03-27,Warehouse C,SKU-6364,945,356,Critical
2026-03-27,Warehouse A,SKU-3221,2266,457,Optimal
2026-03-27,Warehouse B,SKU-2220,4479,131,Excess
2026-03-27,Warehouse C,SKU-9137,2239,466,Excess
2026-03-27,Warehouse C,SKU-4957,4811,380,Excess
2026-03-27,Warehouse A,SKU-7703,3301,283,Excess
2026-03-27,Warehouse A,SKU-5880,3222,357,Critical
2026-03-28,Warehouse C,SKU-1052,478,64,Low
2026-03-28,Warehouse B,SKU-8470,2042,51,Critical
2026-03-28,Warehouse B,SKU-1697,2346,495,Optimal
2026-03-28,Warehouse D,SKU-3042,2181,427,Excess
2026-03-28,Warehouse A,SKU-5488,4680,105,Low
2026-03-28,Warehouse D,SKU-3437,260,441,Critical
2026-03-28,Warehouse D,SKU-3565,4586,497,Critical
2026-03-28,Warehouse B,SKU-9895,4573,412,Excess
2026-03-28,Warehouse B,SKU-2449,2073,366,Critical
2026-03-28,Warehouse A,SKU-9990,1403,247,Critical
2026-03-28,Warehouse A,SKU-4935,1377,302,Excess
2026-03-28,Warehouse D,SKU-4242,1286,309,Low
2026-03-28,Warehouse D,SKU-9124,3414,267,Excess
2026-03-28,Warehouse B,SKU-6767,190,156,Excess
2026-03-28,Warehouse D,SKU-3296,4251,270,Optimal
2026-03-28,Warehouse D,SKU-2099,1376,120,Excess
2026-03-29,Warehouse A,SKU-2751,949,207,Critical
2026-03-29,Warehouse D,SKU-6882,2370,122,Excess
2026-03-29,Warehouse B,SKU-4160,2890,163,Excess
2026-03-29,Warehouse C,SKU-1288,4009,381,Excess
2026-03-29,Warehouse A,SKU-9479,3402,151,Critical
2026-03-29,Warehouse C,SKU-3890,4656,304,Excess
2026-03-29,Warehouse C,SKU-4286,1726,274,Critical
2026-03-29,Warehouse A,SKU-4043,4115,493,Critical
2026-03-29,Warehouse B,SKU-3276,579,285,Excess
2026-03-29,Warehouse D,SKU-8149,3126,388,Low
2026-03-29,Warehouse B,SKU-3784,1123,256,Critical
2026-03-29,Warehouse C,SKU-7201,2045,192,Critical
2026-03-29,Warehouse D,SKU-4392,618,392,Excess
2026-03-29,Warehouse A,SKU-2329,785,176,Optimal
2026-03-29,Warehouse D,SKU-1107,2868,74,Critical
2026-03-29,Warehouse A,SKU-6815,985,416,Critical
2026-03-29,Warehouse A,SKU-6140,2472,431,Excess
2026-03-29,Warehouse A,SKU-5487,4334,300,Excess
2026-03-29,Warehouse B,SKU-8424,4513,450,Excess
2026-03-29,Warehouse B,SKU-9512,1497,327,Critical
2026-03-30,Warehouse A,SKU-2113,2197,365,Low
2026-03-30,Warehouse B,SKU-8251,1806,496,Critical
2026-03-30,Warehouse B,SKU-7554,2556,151,Optimal
2026-03-30,Warehouse B,SKU-5998,741,79,Excess
2026-03-30,Warehouse B,SKU-8787,3094,153,Low
2026-03-30,Warehouse A,SKU-5553,887,180,Optimal
2026-03-30,Warehouse D,SKU-9275,531,73,Excess
2026-03-30,Warehouse D,SKU-1049,2285,203,Critical
2026-03-30,Warehouse C,SKU-6473,2130,258,Critical
2026-03-30,Warehouse D,SKU-7576,588,443,Optimal
2026-03-30,Warehouse C,SKU-6779,233,262,Optimal
2026-03-30,Warehouse D,SKU-8790,295,389,Critical
2026-03-30,Warehouse A,SKU-1838,1552,276,Low
2026-03-30,Warehouse B,SKU-8829,2558,356,Excess
2026-03-30,Warehouse A,SKU-5492,1912,438,Excess
2026-03-30,Warehouse D,SKU-6667,1306,350,Critical
2026-03-30,Warehouse A,SKU-9254,3353,169,Low
2026-03-30,Warehouse A,SKU-4256,2420,102,Optimal
2026-03-30,Warehouse B,SKU-1497,1433,249,Excess
2026-03-30,Warehouse A,SKU-1651,1624,303,Excess
2026-03-30,Warehouse A,SKU-2402,1469,74,Excess
2026-03-30,Warehouse D,SKU-6227,1889,298,Excess
2026-03-30,Warehouse A,SKU-4181,4439,215,Critical
2026-03-31,Warehouse B,SKU-3917,1782,297,Low
2026-03-31,Warehouse B,SKU-6724,2139,316,Optimal
2026-03-31,Warehouse C,SKU-5807,3663,208,Low
2026-03-31,Warehouse B,SKU-6567,3900,392,Optimal
2026-03-31,Warehouse B,SKU-7028,4240,276,Critical
2026-03-31,Warehouse C,SKU-6377,2461,485,Critical
2026-03-31,Warehouse C,SKU-2579,2771,166,Optimal
2026-03-31,Warehouse C,SKU-7911,248,80,Critical
2026-03-31,Warehouse A,SKU-9655,4060,140,Excess
2026-03-31,Warehouse C,SKU-4989,3667,334,Optimal
2026-03-31,Warehouse C,SKU-4904,2655,395,Excess
2026-03-31,Warehouse A,SKU-2266,1680,279,Optimal
2026-03-31,Warehouse C,SKU-5339,334,65,Optimal
2026-03-31,Warehouse A,SKU-3195,776,220,Excess
2026-03-31,Warehouse B,SKU-4019,2959,362,Low
2026-03-31,Warehouse C,SKU-7887,3818,401,Excess
2026-03-31,Warehouse D,SKU-7505,3817,239,Excess
2026-04-01,Warehouse C,SKU-6247,4633,256,Critical
2026-04-01,Warehouse A,SKU-5021,390,171,Low
2026-04-01,Warehouse A,SKU-6599,2515,223,Optimal
2026-04-01,Warehouse B,SKU-9603,2864,393,Excess
2026-04-01,Warehouse D,SKU-9102,320,331,Critical
2026-04-01,Warehouse A,SKU-4687,2629,127,Optimal
2026-04-01,Warehouse C,SKU-2087,2736,471,Excess
2026-04-01,Warehouse A,SKU-7634,131,210,Optimal
2026-04-01,Warehouse C,SKU-9108,1382,408,Optimal
2026-04-01,Warehouse B,SKU-4311,983,493,Low
2026-04-01,Warehouse C,SKU-4473,357,305,Excess
2026-04-01,Warehouse A,SKU-8154,146,398,Optimal
2026-04-01,Warehouse B,SKU-4724,3065,115,Critical
2026-04-01,Warehouse B,SKU-8277,2042,483,Optimal
2026-04-01,Warehouse A,SKU-7779,3460,302,Critical
2026-04-01,Warehouse C,SKU-5942,2707,80,Low
2026-04-01,Warehouse D,SKU-8084,1919,228,Critical
2026-04-01,Warehouse D,SKU-6686,1421,487,Optimal
2026-04-01,Warehouse D,SKU-4108,1029,82,Optimal
2026-04-01,Warehouse A,SKU-7803,4883,174,Low
2026-04-02,Warehouse C,SKU-3726,2634,311,Low
2026-04-02,Warehouse C,SKU-2203,4401,373,Excess
2026-04-02,Warehouse A,SKU-9342,3476,418,Excess
2026-04-02,Warehouse D,SKU-9309,2267,187,Optimal
2026-04-02,Warehouse B,SKU-1408,2566,270,Critical
2026-04-02,Warehouse B,SKU-6770,1946,389,Excess
2026-04-02,Warehouse A,SKU-4509,1667,212,Critical
2026-04-02,Warehouse A,SKU-6925,1826,247,Low
2026-04-02,Warehouse D,SKU-6057,1704,444,Excess
2026-04-02,Warehouse D,SKU-3665,2266,148,Excess
2026-04-02,Warehouse B,SKU-8425,949,113,Excess
2026-04-02,Warehouse D,SKU-2466,3859,107,Optimal
2026-04-02,Warehouse C,SKU-1397,3760,276,Optimal
2026-04-02,Warehouse A,SKU-8896,2499,95,Excess
2026-04-02,Warehouse B,SKU-6775,4370,398,Low
2026-04-02,Warehouse A,SKU-2247,3720,474,Excess
2026-04-02,Warehouse B,SKU-2662,2407,150,Critical
2026-04-02,Warehouse D,SKU-5471,1350,456,Critical
2026-04-02,Warehouse A,SKU-8198,2365,466,Excess
2026-04-02,Warehouse D,SKU-1036,3832,461,Optimal
2026-04-02,Warehouse D,SKU-7150,2606,87,Critical
2026-04-02,Warehouse D,SKU-6122,2003,362,Low
2026-04-02,Warehouse C,SKU-2599,2018,96,Optimal
2026-04-03,Warehouse B,SKU-1946,4564,345,Critical
2026-04-03,Warehouse B,SKU-2320,4542,449,Excess
2026-04-03,Warehouse B,SKU-7049,4220,87,Critical
2026-04-03,Warehouse B,SKU-7878,390,322,Excess
2026-04-03,Warehouse C,SKU-5756,1748,171,Optimal
2026-04-03,Warehouse D,SKU-9612,244,382,Critical
2026-04-03,Warehouse B,SKU-2417,4894,466,Optimal
2026-04-03,Warehouse B,SKU-3172,2922,233,Excess
2026-04-03,Warehouse B,SKU-3751,2215,383,Optimal
2026-04-03,Warehouse A,SKU-6061,4028,146,Excess
2026-04-03,Warehouse A,SKU-9404,4818,84,Low
2026-04-03,Warehouse C,SKU-7121,4331,87,Low
2026-04-03,Warehouse B,SKU-8189,4953,357,Optimal
2026-04-03,Warehouse C,SKU-9790,2518,431,Excess
2026-04-03,Warehouse C,SKU-1499,1702,108,Low
2026-04-03,Warehouse D,SKU-1465,1315,245,Excess
2026-04-03,Warehouse C,SKU-2691,2882,441,Excess
2026-04-03,Warehouse C,SKU-6576,3307,52,Excess
2026-04-03,Warehouse B,SKU-6055,1040,247,Excess
2026-04-03,Warehouse C,SKU-2218,953,193,Low
2026-04-04,Warehouse C,SKU-2825,3985,382,Critical
2026-04-04,Warehouse D,SKU-7031,4219,429,Excess
2026-04-04,Warehouse A,SKU-3677,2464,101,Excess
2026-04-04,Warehouse C,SKU-6397,2459,99,Excess
2026-04-04,Warehouse B,SKU-9096,1006,221,Low
2026-04-04,Warehouse C,SKU-5789,264,145,Critical
2026-04-04,Warehouse D,SKU-8205,3152,309,Low
2026-04-04,Warehouse D,SKU-2941,1667,142,Optimal
2026-04-04,Warehouse D,SKU-2769,4640,371,Excess
2026-04-04,Warehouse D,SKU-7911,3458,87,Critical
2026-04-04,Warehouse B,SKU-1975,4486,300,Excess
2026-04-04,Warehouse A,SKU-5320,2546,420,Low
2026-04-04,Warehouse B,SKU-5215,1949,487,Low
2026-04-04,Warehouse B,SKU-3617,1537,62,Optimal
2026-04-04,Warehouse A,SKU-2085,2604,269,Critical
2026-04-04,Warehouse C,SKU-7837,2413,156,Excess
2026-04-05,Warehouse C,SKU-6614,3868,100,Critical
2026-04-05,Warehouse A,SKU-9636,4338,227,Optimal
2026-04-05,Warehouse A,SKU-2541,3272,52,Excess
2026-04-05,Warehouse A,SKU-2498,4223,340,Critical
2026-04-05,Warehouse D,SKU-1640,3393,215,Optimal
2026-04-05,Warehouse D,SKU-5507,2877,262,Excess
2026-04-05,Warehouse D,SKU-4468,2376,264,Low
2026-04-05,Warehouse C,SKU-9962,4818,426,Low
2026-04-05,Warehouse A,SKU-9340,993,455,Optimal
2026-04-05,Warehouse C,SKU-8273,4568,146,Critical
2026-04-05,Warehouse A,SKU-9633,3938,308,Low
2026-04-05,Warehouse C,SKU-6668,1716,79,Low
2026-04-05,Warehouse A,SKU-7219,794,240,Critical
2026-04-05,Warehouse C,SKU-2334,4423,284,Low
2026-04-05,Warehouse C,SKU-8150,3973,328,Optimal
2026-04-06,Warehouse D,SKU-8878,4793,50,Critical
2026-04-06,Warehouse B,SKU-3390,239,105,Low
2026-04-06,Warehouse A,SKU-6867,2238,320,Optimal
2026-04-06,Warehouse D,SKU-8954,4872,341,Low
2026-04-06,Warehouse C,SKU-2257,2480,349,Critical
2026-04-06,Warehouse C,SKU-2556,2488,393,Excess
2026-04-06,Warehouse C,SKU-7033,1484,199,Critical
2026-04-06,Warehouse D,SKU-5039,1590,471,Low
2026-04-06,Warehouse C,SKU-1862,2407,253,Critical
2026-04-06,Warehouse D,SKU-1068,4893,467,Critical
2026-04-06,Warehouse D,SKU-4478,976,387,Critical
2026-04-06,Warehouse A,SKU-7546,672,412,Low
2026-04-06,Warehouse D,SKU-8870,4681,163,Critical
2026-04-06,Warehouse B,SKU-2064,3909,89,Critical
2026-04-06,Warehouse B,SKU-5426,4662,304,Optimal
2026-04-06,Warehouse B,SKU-7423,3838,494,Critical
2026-04-06,Warehouse B,SKU-2110,1473,114,Critical
2026-04-07,Warehouse B,SKU-7229,656,123,Critical
2026-04-07,Warehouse A,SKU-8875,1889,296,Optimal
2026-04-07,Warehouse D,SKU-9894,399,149,Excess
2026-04-07,Warehouse B,SKU-6332,2030,483,Optimal
2026-04-07,Warehouse A,SKU-1175,2368,302,Optimal
2026-04-07,Warehouse D,SKU-3987,4141,405,Critical
2026-04-07,Warehouse B,SKU-2208,4707,76,Excess
2026-04-07,Warehouse A,SKU-5606,3024,361,Critical
2026-04-07,Warehouse C,SKU-4085,4904,386,Low
2026-04-07,Warehouse D,SKU-3255,4587,272,Critical
2026-04-07,Warehouse A,SKU-6045,2678,340,Optimal
2026-04-07,Warehouse D,SKU-4820,1644,162,Critical
2026-04-07,Warehouse C,SKU-7709,662,348,Critical
2026-04-07,Warehouse B,SKU-3189,2611,258,Low
2026-04-07,Warehouse C,SKU-9402,788,72,Critical
2026-04-07,Warehouse D,SKU-2056,3968,323,Critical
2026-04-07,Warehouse B,SKU-9263,2240,233,Critical
2026-04-07,Warehouse A,SKU-7659,3626,347,Excess
2026-04-08,Warehouse D,SKU-9678,2729,227,Low
2026-04-08,Warehouse D,SKU-4661,407,258,Excess
2026-04-08,Warehouse C,SKU-4851,1271,214,Low
2026-04-08,Warehouse A,SKU-4831,3889,152,Optimal
2026-04-08,Warehouse D,SKU-5816,1811,169,Critical
2026-04-08,Warehouse A,SKU-9478,326,247,Critical
2026-04-08,Warehouse A,SKU-3847,323,183,Excess
2026-04-08,Warehouse C,SKU-5256,2084,301,Optimal
2026-04-08,Warehouse B,SKU-7202,4213,199,Critical
2026-04-08,Warehouse B,SKU-3313,4618,431,Optimal
2026-04-08,Warehouse B,SKU-9178,3999,352,Optimal
2026-04-08,Warehouse C,SKU-8879,2427,317,Optimal
2026-04-08,Warehouse A,SKU-2661,3124,127,Critical
2026-04-08,Warehouse B,SKU-7997,4436,321,Excess
2026-04-08,Warehouse D,SKU-2770,597,412,Optimal
2026-04-08,Warehouse D,SKU-7169,3792,144,Low
2026-04-08,Warehouse D,SKU-6147,2003,262,Low
2026-04-08,Warehouse D,SKU-9759,3341,478,Critical
2026-04-08,Warehouse B,SKU-9191,4330,386,Critical
2026-04-08,Warehouse C,SKU-6797,2994,268,Excess
2026-04-08,Warehouse C,SKU-9863,4166,425,Critical
2026-04-08,Warehouse D,SKU-7918,1009,179,Optimal
2026-04-09,Warehouse C,SKU-5282,1760,492,Excess
2026-04-09,Warehouse B,SKU-2950,4008,387,Optimal
2026-04-09,Warehouse D,SKU-8972,3941,475,Optimal
2026-04-09,Warehouse C,SKU-6189,2113,466,Low
2026-04-09,Warehouse D,SKU-4307,3115,402,Low
2026-04-09,Warehouse C,SKU-9580,877,209,Optimal
2026-04-09,Warehouse D,SKU-5577,937,277,Optimal
2026-04-09,Warehouse D,SKU-4347,3713,421,Excess
2026-04-09,Warehouse A,SKU-4011,901,238,Low
2026-04-09,Warehouse D,SKU-6995,1514,230,Excess
2026-04-09,Warehouse D,SKU-6543,3216,474,Optimal
2026-04-09,Warehouse C,SKU-3449,1568,78,Critical
2026-04-09,Warehouse D,SKU-8375,4561,487,Low
2026-04-09,Warehouse B,SKU-8429,4734,149,Critical
2026-04-09,Warehouse B,SKU-4880,4210,239,Critical
2026-04-09,Warehouse A,SKU-4980,345,327,Excess
2026-04-09,Warehouse B,SKU-6797,1368,118,Optimal
2026-04-09,Warehouse A,SKU-9236,2693,99,Optimal
2026-04-10,Warehouse C,SKU-6433,1816,64,Optimal
2026-04-10,Warehouse C,SKU-1144,419,63,Critical
2026-04-10,Warehouse C,SKU-9874,297,173,Excess
2026-04-10,Warehouse B,SKU-5135,3687,208,Low
2026-04-10,Warehouse C,SKU-3280,1775,350,Optimal
2026-04-10,Warehouse A,SKU-5877,4735,85,Low
2026-04-10,Warehouse C,SKU-8508,1081,153,Optimal
2026-04-10,Warehouse A,SKU-6182,3962,265,Critical
2026-04-10,Warehouse D,SKU-1578,718,495,Low
2026-04-10,Warehouse B,SKU-6467,435,466,Optimal
2026-04-10,Warehouse A,SKU-9611,1621,491,Critical
2026-04-10,Warehouse C,SKU-1325,2097,152,Optimal
2026-04-10,Warehouse D,SKU-2382,1279,123,Critical
2026-04-10,Warehouse D,SKU-7069,4167,395,Critical
2026-04-10,Warehouse C,SKU-5640,4519,322,Critical
2026-04-10,Warehouse C,SKU-8095,1875,99,Low
2026-04-10,Warehouse A,SKU-7971,4560,390,Low
2026-04-10,Warehouse D,SKU-7813,1253,391,Critical
2026-04-10,Warehouse C,SKU-9360,3730,370,Optimal
2026-04-10,Warehouse D,SKU-8492,1907,228,Critical
2026-04-10,Warehouse A,SKU-1385,3544,57,Low
2026-04-10,Warehouse B,SKU-2050,459,210,Excess
2026-04-10,Warehouse C,SKU-1705,1369,313,Low
2026-04-11,Warehouse B,SKU-9273,2992,239,Low
2026-04-11,Warehouse B,SKU-6221,3030,314,Critical
2026-04-11,Warehouse D,SKU-1219,3936,212,Low
2026-04-11,Warehouse B,SKU-9478,874,374,Low
2026-04-11,Warehouse D,SKU-1272,2185,310,Optimal
2026-04-11,Warehouse C,SKU-2162,1488,107,Critical
2026-04-11,Warehouse A,SKU-3898,4724,350,Critical
2026-04-11,Warehouse A,SKU-1492,1739,409,Excess
2026-04-11,Warehouse C,SKU-2566,3367,263,Optimal
2026-04-11,Warehouse A,SKU-1286,1562,177,Excess
2026-04-11,Warehouse B,SKU-8008,2998,477,Low
2026-04-11,Warehouse C,SKU-5196,3426,129,Critical
2026-04-11,Warehouse A,SKU-1136,2060,296,Optimal
2026-04-11,Warehouse A,SKU-7986,4641,396,Optimal
2026-04-11,Warehouse D,SKU-8804,3776,100,Excess
2026-04-12,Warehouse B,SKU-6723,1321,164,Excess
2026-04-12,Warehouse D,SKU-8952,1286,482,Low
2026-04-12,Warehouse B,SKU-3869,4533,353,Critical
2026-04-12,Warehouse A,SKU-2436,1893,348,Excess
2026-04-12,Warehouse C,SKU-8062,356,289,Optimal
2026-04-12,Warehouse D,SKU-1801,3752,355,Low
2026-04-12,Warehouse D,SKU-8504,4158,355,Excess
2026-04-12,Warehouse B,SKU-6142,336,117,Critical
2026-04-12,Warehouse C,SKU-8355,682,431,Optimal
2026-04-12,Warehouse B,SKU-5931,3675,148,Optimal
2026-04-12,Warehouse D,SKU-3135,4075,311,Low
2026-04-12,Warehouse A,SKU-8227,3992,496,Critical
2026-04-12,Warehouse A,SKU-4270,316,296,Critical
2026-04-12,Warehouse B,SKU-9063,3220,469,Excess
2026-04-12,Warehouse C,SKU-1422,4202,183,Excess
2026-04-12,Warehouse C,SKU-2105,3176,342,Optimal
2026-04-12,Warehouse D,SKU-2405,2639,212,Optimal
2026-04-13,Warehouse A,SKU-3545,4471,468,Optimal
2026-04-13,Warehouse B,SKU-8273,2211,302,Optimal
2026-04-13,Warehouse C,SKU-9938,2253,434,Critical
2026-04-13,Warehouse A,SKU-2349,3217,399,Excess
2026-04-13,Warehouse D,SKU-9893,3785,355,Critical
2026-04-13,Warehouse B,SKU-8935,2897,207,Excess
2026-04-13,Warehouse C,SKU-9097,739,202,Low
2026-04-13,Warehouse C,SKU-2084,3730,329,Low
2026-04-13,Warehouse C,SKU-3243,3625,189,Optimal
2026-04-13,Warehouse A,SKU-2454,2089,421,Optimal
2026-04-13,Warehouse A,SKU-8845,569,393,Excess
2026-04-13,Warehouse A,SKU-7225,132,193,Excess
2026-04-13,Warehouse D,SKU-3217,1391,163,Critical
2026-04-13,Warehouse A,SKU-4855,3025,109,Excess
2026-04-13,Warehouse C,SKU-9583,1018,211,Critical
2026-04-13,Warehouse C,SKU-2219,2843,89,Low
2026-04-14,Warehouse A,SKU-3783,3528,418,Excess
2026-04-14,Warehouse D,SKU-1946,2180,83,Critical
2026-04-14,Warehouse C,SKU-9927,2253,54,Low
2026-04-14,Warehouse A,SKU-9279,3215,277,Critical
2026-04-14,Warehouse D,SKU-9282,829,442,Excess
2026-04-14,Warehouse D,SKU-5445,3490,341,Optimal
2026-04-14,Warehouse B,SKU-4986,2584,461,Optimal
2026-04-14,Warehouse D,SKU-5378,2286,116,Excess
2026-04-14,Warehouse D,SKU-2378,4479,393,Critical
2026-04-14,Warehouse D,SKU-6129,2744,490,Low
2026-04-14,Warehouse D,SKU-8315,2370,301,Excess
2026-04-14,Warehouse D,SKU-9428,1611,289,Excess
2026-04-14,Warehouse D,SKU-5921,549,260,Optimal
2026-04-14,Warehouse A,SKU-1105,3714,178,Excess
2026-04-14,Warehouse B,SKU-3175,370,403,Critical
2026-04-14,Warehouse C,SKU-3665,2256,443,Optimal
2026-04-15,Warehouse A,SKU-2696,1950,71,Excess
2026-04-15,Warehouse C,SKU-1207,1952,220,Low
2026-04-15,Warehouse B,SKU-9788,886,446,Low
2026-04-15,Warehouse C,SKU-7722,3769,352,Optimal
2026-04-15,Warehouse A,SKU-1796,1113,389,Excess
2026-04-15,Warehouse B,SKU-9452,1011,220,Excess
2026-04-15,Warehouse C,SKU-7645,1988,348,Critical
2026-04-15,Warehouse A,SKU-2158,1567,245,Low
2026-04-15,Warehouse B,SKU-1506,3446,165,Low
2026-04-15,Warehouse B,SKU-9417,4429,234,Low
2026-04-15,Warehouse C,SKU-2366,1590,369,Optimal
2026-04-15,Warehouse B,SKU-5534,1111,387,Low
2026-04-15,Warehouse B,SKU-1396,489,182,Low
2026-04-15,Warehouse C,SKU-4766,1619,322,Optimal
2026-04-15,Warehouse B,SKU-9510,772,167,Excess
2026-04-15,Warehouse B,SKU-2220,1436,155,Low
2026-04-15,Warehouse D,SKU-7644,3943,126,Optimal
2026-04-15,Warehouse A,SKU-4432,2664,429,Excess
2026-04-15,Warehouse D,SKU-7348,3155,329,Optimal
2026-04-15,Warehouse C,SKU-1001,1908,491,Optimal
2026-04-16,Warehouse B,SKU-2589,1320,146,Optimal
2026-04-16,Warehouse A,SKU-5525,995,202,Critical
2026-04-16,Warehouse D,SKU-9944,1407,274,Excess
2026-04-16,Warehouse B,SKU-9482,4079,233,Optimal
2026-04-16,Warehouse C,SKU-1741,1497,58,Excess
2026-04-16,Warehouse C,SKU-3737,654,127,Excess
2026-04-16,Warehouse D,SKU-2301,968,242,Critical
2026-04-16,Warehouse D,SKU-3893,2828,298,Critical
2026-04-16,Warehouse A,SKU-2489,3315,60,Optimal
2026-04-16,Warehouse B,SKU-6346,3557,257,Excess
2026-04-16,Warehouse A,SKU-6684,1666,353,Critical
2026-04-16,Warehouse A,SKU-2006,2324,207,Excess
2026-04-16,Warehouse D,SKU-9539,4318,78,Excess
2026-04-16,Warehouse B,SKU-7159,894,121,Optimal
2026-04-16,Warehouse D,SKU-2763,3037,223,Critical
2026-04-16,Warehouse B,SKU-2811,1769,356,Optimal
2026-04-16,Warehouse B,SKU-6938,2899,95,Optimal
2026-04-16,Warehouse B,SKU-8298,3355,307,Critical
2026-04-17,Warehouse A,SKU-3223,1069,394,Low
2026-04-17,Warehouse C,SKU-1554,4091,265,Optimal
2026-04-17,Warehouse C,SKU-5719,1704,469,Excess
2026-04-17,Warehouse D,SKU-5679,4877,145,Excess
2026-04-17,Warehouse A,SKU-2188,1515,289,Optimal
2026-04-17,Warehouse B,SKU-2429,4327,222,Low
2026-04-17,Warehouse C,SKU-7888,4542,445,Low
2026-04-17,Warehouse C,SKU-9250,3173,283,Optimal
2026-04-17,Warehouse C,SKU-3683,990,362,Excess
2026-04-17,Warehouse C,SKU-3516,3266,303,Excess
2026-04-17,Warehouse D,SKU-5998,3962,245,Critical
2026-04-17,Warehouse A,SKU-8504,2913,391,Critical
2026-04-17,Warehouse B,SKU-4312,4503,234,Excess
2026-04-17,Warehouse B,SKU-4167,549,213,Low
2026-04-17,Warehouse A,SKU-8445,2248,323,Optimal
2026-04-17,Warehouse A,SKU-7783,2601,284,Low
2026-04-17,Warehouse A,SKU-4867,1315,403,Excess
2026-04-17,Warehouse D,SKU-9588,142,136,Critical
2026-04-17,Warehouse D,SKU-1234,2251,194,Low
2026-04-17,Warehouse D,SKU-9620,4344,155,Low
2026-04-18,Warehouse A,SKU-8075,1919,431,Low
2026-04-18,Warehouse C,SKU-2930,4556,426,Excess
2026-04-18,Warehouse D,SKU-1456,2012,135,Optimal
2026-04-18,Warehouse A,SKU-3135,3854,469,Optimal
2026-04-18,Warehouse D,SKU-4319,1332,230,Optimal
2026-04-18,Warehouse D,SKU-9360,3595,350,Excess
2026-04-18,Warehouse D,SKU-8113,3254,151,Critical
2026-04-18,Warehouse C,SKU-5994,4805,489,Optimal
2026-04-18,Warehouse B,SKU-2580,1443,359,Critical
2026-04-18,Warehouse A,SKU-7802,3281,465,Excess
2026-04-18,Warehouse D,SKU-4491,2156,466,Critical
2026-04-18,Warehouse D,SKU-3065,500,189,Low
2026-04-18,Warehouse A,SKU-7108,1792,263,Critical
2026-04-18,Warehouse C,SKU-4760,2349,325,Excess
2026-04-18,Warehouse D,SKU-2488,1197,137,Critical
2026-04-18,Warehouse D,SKU-7559,1892,164,Excess
